run_name,evaluator,lighting,horizon,iterations,num_samples,num_elites,num_episodes,num_envs,replan_every,wall_clock_seconds,finished_at,episode_return,episode_return_sem,episode_success_at_end_rate,episode_success_at_end_rate_sem,episode_success_once_rate,episode_success_once_rate_sem,episode_time_to_success,episode_time_to_success_sem,steps_needed_to_plan
S2PSweep1,simulation_task_planning,default,1,1,64,8,50,50,1,4.71830677986145,2026-09-22T11:32:18,38.511641635894776,1.0941169842365708,0.74,0.06203224967708329,0.92,0.038366652186501746,18.08,1.5382691572023408,
S2PSweep1,real_task_planning,default,1,1,64,8,50,50,1,5.198240518569946,2026-09-22T11:32:24,25.395177516937256,1.302546164430507,0.6,0.06928203230275509,0.68,0.06596969000988256,38.24,1.4968126135224809,1
S2PSweep1,real_task_planning,very-bright,1,1,64,8,50,50,1,5.269566059112549,2026-09-22T11:32:31,23.176714611053466,1.3345667744221805,0.36,0.06788225099390856,0.54,0.07048404074682439,40.1,1.47220922426128,1
S2PSweep1,real_task_planning,side,1,1,64,8,50,50,1,5.2568159103393555,2026-09-22T11:32:38,23.115837497711183,1.1901264183663065,0.48,0.07065408693062278,0.56,0.07019971509913697,40.76,1.3153128905321347,1
S2PSweep1,simulation_task_planning,default,1,1,128,16,50,50,1,4.716042995452881,2026-09-22T11:32:43,38.77690361022949,1.0171543078780232,0.76,0.060398675482166,0.94,0.03358571124749334,17.36,1.4081931685674376,
S2PSweep1,real_task_planning,default,1,1,128,16,50,50,1,5.303059816360474,2026-09-22T11:32:48,22.775540657043457,1.3017046189551345,0.4,0.06928203230275509,0.56,0.07019971509913697,40.78,1.3857243593153725,1
S2PSweep1,real_task_planning,very-bright,1,1,128,16,50,50,1,5.295896053314209,2026-09-22T11:32:53,24.032075061798096,1.322253463539486,0.5,0.07071067811865475,0.56,0.07019971509913697,40.18,1.44296638907495,1
S2PSweep1,real_task_planning,side,1,1,128,16,50,50,1,5.365298509597778,2026-09-22T11:32:59,21.35764045715332,1.1258720116330767,0.34,0.0669925368977769,0.44,0.07019971509913699,42.64,1.256585850628599,1
S2PSweep1,simulation_task_planning,default,1,1,512,64,50,50,1,5.120775461196899,2026-09-22T11:33:04,40.478741035461425,0.6318814593233817,0.8,0.0565685424949238,0.94,0.03358571124749334,16.98,1.3337136124370927,
S2PSweep1,real_task_planning,default,1,1,512,64,50,50,1,5.599687576293945,2026-09-22T11:33:09,22.57292984008789,1.441615787122893,0.5,0.07071067811865475,0.54,0.07048404074682439,39.6,1.508376610797184,1
S2PSweep1,real_task_planning,very-bright,1,1,512,64,50,50,1,5.462512016296387,2026-09-22T11:33:15,25.520826587677004,1.1902048684489284,0.46,0.07048404074682439,0.66,0.0669925368977769,38.58,1.437244586004762,1
S2PSweep1,real_task_planning,side,1,1,512,64,50,50,1,5.6123576164245605,2026-09-22T11:33:20,23.319057807922363,1.2384002590153609,0.56,0.07019971509913697,0.6,0.06928203230275509,39.8,1.3743362034087583,1
S2PSweep1,simulation_task_planning,default,1,3,64,8,50,50,1,4.753974437713623,2026-09-22T11:33:25,36.767999458312985,1.259533657942817,0.64,0.06788225099390856,0.9,0.04242640687119285,21.3,1.9117008134119735,
S2PSweep1,real_task_planning,default,1,3,64,8,50,50,1,5.652348756790161,2026-09-22T11:33:31,24.079234523773195,1.2827922782109258,0.52,0.07065408693062278,0.62,0.06864400920692205,39.54,1.4049085379482893,1
S2PSweep1,real_task_planning,very-bright,1,3,64,8,50,50,1,5.576290607452393,2026-09-22T11:33:36,23.558007259368896,1.3445684390277661,0.44,0.07019971509913699,0.54,0.07048404074682439,39.6,1.42464030548065,1
S2PSweep1,real_task_planning,side,1,3,64,8,50,50,1,5.665113925933838,2026-09-22T11:33:42,22.002324562072754,1.269231881957452,0.42,0.06979971346646059,0.5,0.07071067811865475,41.64,1.3086664968585386,1
S2PSweep1,simulation_task_planning,default,1,3,128,16,50,50,1,5.037410020828247,2026-09-22T11:33:47,34.046254291534424,1.6152827091245257,0.58,0.06979971346646059,0.74,0.06203224967708329,25.26,2.2701207016368095,
S2PSweep1,real_task_planning,default,1,3,128,16,50,50,1,5.788766384124756,2026-09-22T11:33:53,23.103815898895263,1.2480617536096212,0.48,0.07065408693062278,0.58,0.06979971346646059,40.38,1.3561386359808498,1
S2PSweep1,real_task_planning,very-bright,1,3,128,16,50,50,1,5.739360809326172,2026-09-22T11:33:59,26.14982482910156,1.1386642002598708,0.48,0.07065408693062278,0.62,0.06864400920692205,37.92,1.434110177078456,1
S2PSweep1,real_task_planning,side,1,3,128,16,50,50,1,5.6688148975372314,2026-09-22T11:34:04,21.581084270477294,1.099612779759536,0.4,0.06928203230275509,0.46,0.07048404074682439,43.4,1.2149074038789953,1
S2PSweep1,simulation_task_planning,default,1,3,512,64,50,50,1,6.334135293960571,2026-09-22T11:34:11,33.86094667434693,1.6273071231146747,0.64,0.06788225099390856,0.68,0.06596969000988256,26.0,2.3824357284090585,
S2PSweep1,real_task_planning,default,1,3,512,64,50,50,1,6.448485612869263,2026-09-22T11:34:17,23.350280952453613,1.3610368885005968,0.42,0.06979971346646059,0.48,0.07065408693062278,40.78,1.4714047709586915,1
S2PSweep1,real_task_planning,very-bright,1,3,512,64,50,50,1,6.359272480010986,2026-09-22T11:34:24,23.021444759368897,1.1726312512418096,0.38,0.06864400920692205,0.48,0.07065408693062278,42.28,1.3359760476894784,1
S2PSweep1,real_task_planning,side,1,3,512,64,50,50,1,6.422538757324219,2026-09-22T11:34:30,20.23475862503052,1.1884633425932838,0.36,0.06788225099390856,0.42,0.06979971346646059,43.42,1.2286871041888574,1
S2PSweep1,simulation_task_planning,default,1,5,64,8,50,50,1,4.911484718322754,2026-09-22T11:34:35,34.73155658721924,1.570243391524276,0.66,0.0669925368977769,0.82,0.054332310828824504,22.24,2.0257462822377335,
S2PSweep1,real_task_planning,default,1,5,64,8,50,50,1,6.0194923877716064,2026-09-22T11:34:41,20.026605205535887,1.326373925494673,0.32,0.06596969000988256,0.34,0.0669925368977769,43.28,1.4352811571256692,1
S2PSweep1,real_task_planning,very-bright,1,5,64,8,50,50,1,5.925297498703003,2026-09-22T11:34:47,22.17658182144165,1.3207683864439492,0.32,0.06596969000988256,0.44,0.07019971509913699,41.2,1.450241359222664,1
S2PSweep1,real_task_planning,side,1,5,64,8,50,50,1,5.9206862449646,2026-09-22T11:34:53,21.060023765563965,1.1335473978739001,0.38,0.06864400920692205,0.48,0.07065408693062278,43.8,1.2053215338655492,1
S2PSweep1,simulation_task_planning,default,1,5,128,16,50,50,1,5.329482078552246,2026-09-22T11:34:58,33.993977565765384,1.6392020541275198,0.62,0.06864400920692205,0.82,0.054332310828824504,23.32,2.063868212846934,
S2PSweep1,real_task_planning,default,1,5,128,16,50,50,1,6.225199222564697,2026-09-22T11:35:05,21.253587436676025,1.31076035466945,0.38,0.06864400920692205,0.46,0.07048404074682439,42.82,1.3689967129251992,1
S2PSweep1,real_task_planning,very-bright,1,5,128,16,50,50,1,6.148683071136475,2026-09-22T11:35:11,22.563557815551757,1.3525658409714871,0.44,0.07019971509913699,0.5,0.07071067811865475,41.18,1.3823718747138918,1
S2PSweep1,real_task_planning,side,1,5,128,16,50,50,1,6.103626728057861,2026-09-22T11:35:17,19.466979179382324,1.1495018653993572,0.3,0.0648074069840786,0.36,0.06788225099390856,43.98,1.2127621366121224,1
S2PSweep1,simulation_task_planning,default,1,5,512,64,50,50,1,7.46597957611084,2026-09-22T11:35:24,34.181868934631346,1.540713857582836,0.62,0.06864400920692205,0.82,0.054332310828824504,22.86,1.976463508390681,
S2PSweep1,real_task_planning,default,1,5,512,64,50,50,1,7.306486129760742,2026-09-22T11:35:32,21.211979084014892,1.309731074252029,0.38,0.06864400920692205,0.48,0.07065408693062278,42.02,1.3817351410454901,1
S2PSweep1,real_task_planning,very-bright,1,5,512,64,50,50,1,7.155170440673828,2026-09-22T11:35:39,23.952739696502686,1.2759578536838874,0.46,0.07048404074682439,0.54,0.07048404074682439,39.36,1.4671768809519865,1
S2PSweep1,real_task_planning,side,1,5,512,64,50,50,1,7.734485149383545,2026-09-22T11:35:47,20.04163122177124,1.193515549654048,0.32,0.06596969000988256,0.42,0.06979971346646059,43.02,1.2922817030353715,1
S2PSweep1,simulation_task_planning,default,3,1,64,8,50,50,1,6.998697757720947,2026-09-22T11:35:54,39.10582624435425,1.1754184123062699,0.76,0.060398675482166,0.94,0.03358571124749334,15.78,1.288499902987967,
S2PSweep1,real_task_planning,default,3,1,64,8,50,50,1,8.127044439315796,2026-09-22T11:36:02,21.879134845733642,1.189519104931705,0.52,0.07065408693062278,0.58,0.06979971346646059,42.06,1.3387785477815217,1
S2PSweep1,real_task_planning,very-bright,3,1,64,8,50,50,1,7.764390230178833,2026-09-22T11:36:10,26.083863182067873,1.0971690655784556,0.6,0.06928203230275509,0.74,0.06203224967708329,37.8,1.3275541420220869,1
S2PSweep1,real_task_planning,side,3,1,64,8,50,50,1,7.872964382171631,2026-09-22T11:36:17,21.179180450439453,1.0868483339135875,0.4,0.06928203230275509,0.48,0.07065408693062278,43.54,1.1514199928783588,1
S2PSweep1,simulation_task_planning,default,3,1,128,16,50,50,1,7.065191268920898,2026-09-22T11:36:25,39.51247343063355,0.8824606539083351,0.8,0.0565685424949238,0.98,0.019798989873223337,14.8,0.7858753081755401,
S2PSweep1,real_task_planning,default,3,1,128,16,50,50,1,7.942351818084717,2026-09-22T11:36:33,21.210032081604005,1.2603769592125975,0.38,0.06864400920692205,0.5,0.07071067811865475,41.6,1.3594116374373144,1
S2PSweep1,real_task_planning,very-bright,3,1,128,16,50,50,1,7.872063875198364,2026-09-22T11:36:40,22.585842037200926,1.437146977878211,0.44,0.07019971509913699,0.5,0.07071067811865475,40.4,1.5286595435217092,1
S2PSweep1,real_task_planning,side,3,1,128,16,50,50,1,8.20522689819336,2026-09-22T11:36:49,22.17968343734741,0.9944106214579022,0.44,0.07019971509913699,0.56,0.07019971509913697,42.38,1.1603068559652656,1
S2PSweep1,simulation_task_planning,default,3,1,512,64,50,50,1,7.88144063949585,2026-09-22T11:36:57,38.36168981552124,1.021768385921683,0.76,0.060398675482166,0.94,0.03358571124749334,18.56,1.6287811393799965,
S2PSweep1,real_task_planning,default,3,1,512,64,50,50,1,8.310906410217285,2026-09-22T11:37:05,22.64033203125,1.2234683183141506,0.46,0.07048404074682439,0.52,0.07065408693062278,41.02,1.3536587457701441,1
S2PSweep1,real_task_planning,very-bright,3,1,512,64,50,50,1,8.116198778152466,2026-09-22T11:37:13,24.20908514022827,1.3532320773316426,0.44,0.07019971509913699,0.54,0.07048404074682439,39.34,1.5314333155576838,1
S2PSweep1,real_task_planning,side,3,1,512,64,50,50,1,8.319129467010498,2026-09-22T11:37:21,23.35447811126709,0.9988589365885433,0.46,0.07048404074682439,0.52,0.07065408693062278,42.26,1.2184613247863059,1
S2PSweep1,simulation_task_planning,default,3,3,64,8,50,50,1,7.141824960708618,2026-09-22T11:37:29,39.133872203826904,1.2179463210727484,0.8,0.0565685424949238,0.9,0.04242640687119285,17.86,1.5839217152372145,
S2PSweep1,real_task_planning,default,3,3,64,8,50,50,1,8.27008867263794,2026-09-22T11:37:37,23.904305191040038,1.1923097583373181,0.56,0.07019971509913697,0.58,0.06979971346646059,40.28,1.4108267079978318,1
S2PSweep1,real_task_planning,very-bright,3,3,64,8,50,50,1,8.400320768356323,2026-09-22T11:37:45,25.652631969451903,1.0640558834171103,0.62,0.06864400920692205,0.68,0.06596969000988256,39.1,1.3097327971765844,1
S2PSweep1,real_task_planning,side,3,3,64,8,50,50,1,8.304590225219727,2026-09-22T11:37:54,22.912318420410156,1.2034506475484827,0.52,0.07065408693062278,0.58,0.06979971346646059,41.2,1.3254433220624713,1
S2PSweep1,simulation_task_planning,default,3,3,128,16,50,50,1,7.525758981704712,2026-09-22T11:38:01,39.975504875183105,1.078877970026397,0.84,0.051845925587262885,0.88,0.04595650117230423,17.6,1.7019988249114628,
S2PSweep1,real_task_planning,default,3,3,128,16,50,50,1,8.618617057800293,2026-09-22T11:38:10,26.08262186050415,1.1026539842134655,0.72,0.06349803146555018,0.72,0.06349803146555018,37.94,1.3094762311703105,1
S2PSweep1,real_task_planning,very-bright,3,3,128,16,50,50,1,8.496134519577026,2026-09-22T11:38:18,26.40569881439209,1.162720398529139,0.64,0.06788225099390856,0.68,0.06596969000988256,37.48,1.3735326716172422,1
S2PSweep1,real_task_planning,side,3,3,128,16,50,50,1,8.623223781585693,2026-09-22T11:38:27,23.11191080093384,1.0493981815014064,0.56,0.07019971509913697,0.6,0.06928203230275509,41.92,1.2184711732330809,1
S2PSweep1,simulation_task_planning,default,3,3,512,64,50,50,1,10.04478406906128,2026-09-22T11:38:37,38.70245761871338,1.2802802222163916,0.84,0.051845925587262885,0.92,0.038366652186501746,17.3,1.6000624987793448,
S2PSweep1,real_task_planning,default,3,3,512,64,50,50,1,9.578741073608398,2026-09-22T11:38:47,27.065792045593263,1.126641549810401,0.7,0.06480740698407861,0.74,0.06203224967708329,36.66,1.3701415985218464,1
S2PSweep1,real_task_planning,very-bright,3,3,512,64,50,50,1,9.71230673789978,2026-09-22T11:38:57,24.902907962799073,1.1736518181800988,0.58,0.06979971346646059,0.66,0.0669925368977769,39.32,1.37708097074936,1
S2PSweep1,real_task_planning,side,3,3,512,64,50,50,1,9.773099184036255,2026-09-22T11:39:06,22.74422269821167,1.315508850192464,0.44,0.07019971509913699,0.5,0.07071067811865475,40.38,1.4217988605987837,1
S2PSweep1,simulation_task_planning,default,3,5,64,8,50,50,1,7.402871370315552,2026-09-22T11:39:14,41.42073383331299,0.5758905883902316,0.92,0.038366652186501746,0.96,0.02771281292110205,15.24,1.0875881573463366,
S2PSweep1,real_task_planning,default,3,5,64,8,50,50,1,8.783705472946167,2026-09-22T11:39:23,23.720063438415526,1.2000116066744198,0.6,0.06928203230275509,0.62,0.06864400920692205,40.56,1.3164072318245594,1
S2PSweep1,real_task_planning,very-bright,3,5,64,8,50,50,1,8.975299835205078,2026-09-22T11:39:32,24.180069198608397,1.3281722616503837,0.5,0.07071067811865475,0.56,0.07019971509913697,40.04,1.4524351964889861,1
S2PSweep1,real_task_planning,side,3,5,64,8,50,50,1,8.806581020355225,2026-09-22T11:39:40,25.00188524246216,1.0518721456830766,0.6,0.06928203230275509,0.64,0.06788225099390856,39.72,1.2601714169112073,1
S2PSweep1,simulation_task_planning,default,3,5,128,16,50,50,1,7.9630820751190186,2026-09-22T11:39:48,41.00189004898071,0.8792533573527257,0.9,0.04242640687119285,0.94,0.03358571124749334,15.64,1.2638860708149293,
S2PSweep1,real_task_planning,default,3,5,128,16,50,50,1,9.090087890625,2026-09-22T11:39:58,21.93124219894409,1.2460073924321875,0.36,0.06788225099390856,0.44,0.07019971509913699,42.3,1.4156977078458521,1
S2PSweep1,real_task_planning,very-bright,3,5,128,16,50,50,1,9.170302391052246,2026-09-22T11:40:07,25.75124547958374,1.2588510026048416,0.6,0.06928203230275509,0.64,0.06788225099390856,37.64,1.3907580666672403,1
S2PSweep1,real_task_planning,side,3,5,128,16,50,50,1,9.084821701049805,2026-09-22T11:40:16,22.618554954528808,1.0192193453793683,0.4,0.06928203230275509,0.54,0.07048404074682439,42.52,1.1600827556687499,1
S2PSweep1,simulation_task_planning,default,3,5,512,64,50,50,1,11.619231224060059,2026-09-22T11:40:27,42.252583045959476,0.3992135955882783,0.98,0.019798989873223337,1.0,0.0,13.7,0.43474130238568315,
S2PSweep1,real_task_planning,default,3,5,512,64,50,50,1,11.174009799957275,2026-09-22T11:40:39,23.922698001861573,1.2969282994171532,0.46,0.07048404074682439,0.58,0.06979971346646059,39.4,1.3902517757586212,1
S2PSweep1,real_task_planning,very-bright,3,5,512,64,50,50,1,10.900899887084961,2026-09-22T11:40:50,25.151209716796874,1.1797191626775645,0.52,0.07065408693062278,0.58,0.06979971346646059,39.82,1.4318351860462153,1
S2PSweep1,real_task_planning,side,3,5,512,64,50,50,1,11.128416061401367,2026-09-22T11:41:01,24.429617347717286,1.0286394350863386,0.52,0.07065408693062278,0.62,0.06864400920692205,40.64,1.2817987361516625,1
S2PSweep1,simulation_task_planning,default,3,1,64,8,50,50,3,6.898305654525757,2026-09-22T11:41:08,36.43469402313232,1.206942897832824,0.24,0.060398675482166,0.88,0.04595650117230423,19.28,1.6973013874972234,
S2PSweep1,real_task_planning,default,3,1,64,8,50,50,3,7.755094051361084,2026-09-22T11:41:15,29.207259349822998,1.717066765315937,0.5,0.07071067811865475,0.68,0.06596969000988256,29.56,2.0614868420632715,1
S2PSweep1,real_task_planning,very-bright,3,1,64,8,50,50,3,7.967608213424683,2026-09-22T11:41:23,25.55141574859619,1.601593466885721,0.44,0.07019971509913699,0.54,0.07048404074682439,36.8,2.0579601551050497,1
S2PSweep1,real_task_planning,side,3,1,64,8,50,50,3,7.851870536804199,2026-09-22T11:41:31,24.62335096359253,1.6236903942867085,0.36,0.06788225099390856,0.52,0.07065408693062278,35.94,2.048494081026352,1
S2PSweep1,simulation_task_planning,default,3,1,128,16,50,50,3,7.159571886062622,2026-09-22T11:41:39,34.46554573059082,1.6357170243886117,0.32,0.06596969000988256,0.8,0.0565685424949238,21.96,2.07768332524473,
S2PSweep1,real_task_planning,default,3,1,128,16,50,50,3,7.83179783821106,2026-09-22T11:41:46,29.165852813720704,1.6661340331514076,0.52,0.07065408693062278,0.66,0.0669925368977769,31.02,2.0514365698212558,1
S2PSweep1,real_task_planning,very-bright,3,1,128,16,50,50,3,7.817776441574097,2026-09-22T11:41:54,26.970440998077393,1.6921489454924752,0.5,0.07071067811865475,0.64,0.06788225099390856,33.02,2.076437333511416,1
S2PSweep1,real_task_planning,side,3,1,128,16,50,50,3,7.8658671379089355,2026-09-22T11:42:02,22.93362989425659,1.7098410232457761,0.28,0.06349803146555018,0.46,0.07048404074682439,37.08,2.057929056114423,1
S2PSweep1,simulation_task_planning,default,3,1,512,64,50,50,3,7.23137903213501,2026-09-22T11:42:09,34.893946418762205,1.541787170021162,0.4,0.06928203230275509,0.82,0.054332310828824504,21.66,2.0320649595915974,
S2PSweep1,real_task_planning,default,3,1,512,64,50,50,3,8.096107721328735,2026-09-22T11:42:18,28.80974666595459,1.7297227518324756,0.56,0.07019971509913697,0.7,0.06480740698407861,29.82,2.0710750831391893,1
S2PSweep1,real_task_planning,very-bright,3,1,512,64,50,50,3,8.19396162033081,2026-09-22T11:42:26,26.00896282196045,1.6419807096667771,0.52,0.07065408693062278,0.56,0.07019971509913697,34.96,2.039403834457511,1
S2PSweep1,real_task_planning,side,3,1,512,64,50,50,3,8.147774696350098,2026-09-22T11:42:34,25.148808765411378,1.6613320767316069,0.44,0.07019971509913699,0.52,0.07065408693062278,37.48,1.9849916876400264,1
S2PSweep1,simulation_task_planning,default,3,3,64,8,50,50,3,7.087728500366211,2026-09-22T11:42:41,34.91725685119629,1.6742802660051341,0.42,0.06979971346646059,0.8,0.0565685424949238,21.86,2.0711368858672765,
S2PSweep1,real_task_planning,default,3,3,64,8,50,50,3,8.219068765640259,2026-09-22T11:42:49,25.006095504760744,1.8539885854535973,0.5,0.07071067811865475,0.54,0.07048404074682439,35.26,2.2153663353946675,1
S2PSweep1,real_task_planning,very-bright,3,3,64,8,50,50,3,8.359037637710571,2026-09-22T11:42:58,24.19813600540161,1.7690112298663228,0.34,0.0669925368977769,0.5,0.07071067811865475,36.86,2.046462313359325,1
S2PSweep1,real_task_planning,side,3,3,64,8,50,50,3,8.207781791687012,2026-09-22T11:43:06,22.686336860656738,1.6300882508815475,0.34,0.0669925368977769,0.38,0.06864400920692205,40.94,1.7918504401874618,1
S2PSweep1,simulation_task_planning,default,3,3,128,16,50,50,3,7.052105665206909,2026-09-22T11:43:13,37.71604955673218,1.2774299964334925,0.58,0.06979971346646059,0.92,0.038366652186501746,17.76,1.4567250941752872,
S2PSweep1,real_task_planning,default,3,3,128,16,50,50,3,5.997100830078125,2026-09-22T11:43:19,26.62846450805664,1.888792658986172,0.5,0.07071067811865475,0.58,0.06979971346646059,32.6,2.23445742854949,1
S2PSweep1,real_task_planning,very-bright,3,3,128,16,50,50,3,5.99120020866394,2026-09-22T11:43:25,22.20279441833496,1.8079312959667342,0.36,0.06788225099390856,0.44,0.07019971509913699,38.58,1.966538074892017,1
S2PSweep1,real_task_planning,side,3,3,128,16,50,50,3,5.900834560394287,2026-09-22T11:43:31,22.531846866607665,1.535505289092783,0.36,0.06788225099390856,0.42,0.06979971346646059,42.02,1.607355592269489,1
S2PSweep1,simulation_task_planning,default,3,3,512,64,50,50,3,5.394361734390259,2026-09-22T11:43:36,36.24716688156128,1.4586539666502416,0.5,0.07071067811865475,0.88,0.04595650117230423,19.98,1.7718893870668113,
S2PSweep1,real_task_planning,default,3,3,512,64,50,50,3,6.470227003097534,2026-09-22T11:43:43,28.139355630874633,1.8490369328466096,0.62,0.06864400920692205,0.64,0.06788225099390856,31.78,2.1202433822559144,1
S2PSweep1,real_task_planning,very-bright,3,3,512,64,50,50,3,6.4803993701934814,2026-09-22T11:43:49,24.935633964538575,1.734258667728652,0.46,0.07048404074682439,0.54,0.07048404074682439,37.56,1.927933608815407,1
S2PSweep1,real_task_planning,side,3,3,512,64,50,50,3,6.371723175048828,2026-09-22T11:43:56,23.900328311920166,1.6037751832255496,0.4,0.06928203230275509,0.46,0.07048404074682439,39.24,1.888186431473333,1
S2PSweep1,simulation_task_planning,default,3,5,64,8,50,50,3,4.738867521286011,2026-09-22T11:44:01,34.951817722320556,1.6511567226191444,0.46,0.07048404074682439,0.8,0.0565685424949238,21.8,2.050755958177374,
S2PSweep1,real_task_planning,default,3,5,64,8,50,50,3,6.314818859100342,2026-09-22T11:44:07,27.578493824005125,1.867489739231488,0.54,0.07048404074682439,0.6,0.06928203230275509,32.5,2.0736923590542546,1
S2PSweep1,real_task_planning,very-bright,3,5,64,8,50,50,3,6.3068108558654785,2026-09-22T11:44:13,25.437227268218994,1.7996164716473546,0.5,0.07071067811865475,0.56,0.07019971509913697,36.06,1.9749248086952578,1
S2PSweep1,real_task_planning,side,3,5,64,8,50,50,3,6.226602554321289,2026-09-22T11:44:19,24.67374458312988,1.6874293011391925,0.4,0.06928203230275509,0.54,0.07048404074682439,37.4,1.970989599160787,1
S2PSweep1,simulation_task_planning,default,3,5,128,16,50,50,3,4.907509088516235,2026-09-22T11:44:24,35.83398052215576,1.4825040019067814,0.38,0.06864400920692205,0.88,0.04595650117230423,19.64,1.7213390136751097,
S2PSweep1,real_task_planning,default,3,5,128,16,50,50,3,6.477332592010498,2026-09-22T11:44:31,27.568423233032227,1.8927454537727533,0.52,0.07065408693062278,0.58,0.06979971346646059,32.58,2.171651905808111,1
S2PSweep1,real_task_planning,very-bright,3,5,128,16,50,50,3,6.435790538787842,2026-09-22T11:44:37,24.686449184417725,1.7795369837672514,0.46,0.07048404074682439,0.5,0.07071067811865475,36.8,1.9909796583591703,1
S2PSweep1,real_task_planning,side,3,5,128,16,50,50,3,6.400310754776001,2026-09-22T11:44:44,24.05361036300659,1.6801538429967355,0.38,0.06864400920692205,0.42,0.06979971346646059,38.18,2.0512805756404946,1
S2PSweep1,simulation_task_planning,default,3,5,512,64,50,50,3,5.948811292648315,2026-09-22T11:44:50,35.487286987304685,1.6272344953429114,0.42,0.06979971346646059,0.84,0.051845925587262885,20.08,1.9253758074724006,
S2PSweep1,real_task_planning,default,3,5,512,64,50,50,3,7.128133296966553,2026-09-22T11:44:57,25.96135980606079,1.8577114874388474,0.5,0.07071067811865475,0.56,0.07019971509913697,33.44,2.141618079863914,1
S2PSweep1,real_task_planning,very-bright,3,5,512,64,50,50,3,7.015383720397949,2026-09-22T11:45:04,23.862101993560792,1.7079238881212098,0.44,0.07019971509913699,0.54,0.07048404074682439,38.26,1.8473353783219766,1
S2PSweep1,real_task_planning,side,3,5,512,64,50,50,3,7.043688774108887,2026-09-22T11:45:11,25.203315753936767,1.7783141206920419,0.46,0.07048404074682439,0.52,0.07065408693062278,36.18,1.9979369359416725,1
S2PSweep1,simulation_task_planning,default,5,1,64,8,50,50,1,4.62618613243103,2026-09-22T11:45:16,38.39602409362793,1.1110740274503292,0.72,0.06349803146555018,0.9,0.04242640687119285,18.92,1.6991386052938706,
S2PSweep1,real_task_planning,default,5,1,64,8,50,50,1,5.5121190547943115,2026-09-22T11:45:21,20.830071849823,0.9912097912120306,0.4,0.06928203230275509,0.48,0.07065408693062278,43.94,1.0648605542511187,1
S2PSweep1,real_task_planning,very-bright,5,1,64,8,50,50,1,5.615947484970093,2026-09-22T11:45:27,22.909125595092775,1.154092302972306,0.5,0.07071067811865475,0.58,0.06979971346646059,41.12,1.3286504431188815,1
S2PSweep1,real_task_planning,side,5,1,64,8,50,50,1,6.201680898666382,2026-09-22T11:45:33,21.48745443344116,1.1205438081537686,0.46,0.07048404074682439,0.56,0.07019971509913697,42.22,1.2323278784479397,1
S2PSweep1,simulation_task_planning,default,5,1,128,16,50,50,1,6.9849114418029785,2026-09-22T11:45:40,39.682383155822755,0.7701222865648601,0.82,0.054332310828824504,0.96,0.02771281292110205,16.56,1.2133128203394208,
S2PSweep1,real_task_planning,default,5,1,128,16,50,50,1,7.961143732070923,2026-09-22T11:45:48,19.829377479553223,1.0457341309524986,0.3,0.0648074069840786,0.48,0.07065408693062278,43.48,1.2355533173440958,1
S2PSweep1,real_task_planning,very-bright,5,1,128,16,50,50,1,7.89888072013855,2026-09-22T11:45:56,22.24257978439331,1.1534315633856644,0.36,0.06788225099390856,0.52,0.07065408693062278,42.64,1.2867820328245185,1
S2PSweep1,real_task_planning,side,5,1,128,16,50,50,1,7.699570178985596,2026-09-22T11:46:04,19.985343627929687,0.9504647892807639,0.38,0.06864400920692205,0.42,0.06979971346646059,45.1,0.9214119599831554,1
S2PSweep1,simulation_task_planning,default,5,1,512,64,50,50,1,8.078719854354858,2026-09-22T11:46:12,37.95590095520019,1.048971176035526,0.64,0.06788225099390856,0.9,0.04242640687119285,18.86,1.7010608454726128,
S2PSweep1,real_task_planning,default,5,1,512,64,50,50,1,8.587244749069214,2026-09-22T11:46:20,20.340515880584718,1.1286418282154769,0.42,0.06979971346646059,0.52,0.07065408693062278,43.24,1.1166234817520184,1
S2PSweep1,real_task_planning,very-bright,5,1,512,64,50,50,1,8.582206726074219,2026-09-22T11:46:29,22.068901023864747,1.231530699425823,0.5,0.07071067811865475,0.52,0.07065408693062278,42.26,1.3156929733034222,1
S2PSweep1,real_task_planning,side,5,1,512,64,50,50,1,17.84282422065735,2026-09-22T11:46:47,21.14851099014282,0.9766288154098917,0.42,0.06979971346646059,0.54,0.07048404074682439,43.84,1.0685915964483346,1
S2PSweep1,simulation_task_planning,default,5,3,64,8,50,50,1,16.062712907791138,2026-09-22T11:47:03,38.50830209732056,1.1147338388261112,0.72,0.06349803146555018,0.94,0.03358571124749334,17.28,1.373183163310707,
S2PSweep1,real_task_planning,default,5,3,64,8,50,50,1,17.82344913482666,2026-09-22T11:47:21,21.431975841522217,1.2704034157713755,0.44,0.07019971509913699,0.52,0.07065408693062278,41.86,1.320003030299552,1
S2PSweep1,real_task_planning,very-bright,5,3,64,8,50,50,1,17.596126079559326,2026-09-22T11:47:39,25.64123851776123,1.160735149533201,0.62,0.06864400920692205,0.74,0.06203224967708329,37.9,1.279765603538398,1
S2PSweep1,real_task_planning,side,5,3,64,8,50,50,1,17.705613613128662,2026-09-22T11:47:57,20.60512083053589,1.0779517724391294,0.4,0.06928203230275509,0.46,0.07048404074682439,43.98,1.0720037313367896,1
S2PSweep1,simulation_task_planning,default,5,3,128,16,50,50,1,16.614484786987305,2026-09-22T11:48:14,39.62696746826172,1.0576459663180282,0.86,0.04907137658554119,0.9,0.04242640687119285,17.42,1.562841002789471,
S2PSweep1,real_task_planning,default,5,3,128,16,50,50,1,18.087985038757324,2026-09-22T11:48:32,24.304628047943115,1.1830511400847923,0.62,0.06864400920692205,0.68,0.06596969000988256,39.3,1.3136970731489053,1
S2PSweep1,real_task_planning,very-bright,5,3,128,16,50,50,1,18.034401655197144,2026-09-22T11:48:50,22.876364326477052,1.2687798416093279,0.44,0.07019971509913699,0.52,0.07065408693062278,40.8,1.405987197665754,1
S2PSweep1,real_task_planning,side,5,3,128,16,50,50,1,18.064414024353027,2026-09-22T11:49:08,22.198420505523682,1.1441469168348894,0.5,0.07071067811865475,0.56,0.07019971509913697,41.72,1.267766540022255,1
S2PSweep1,simulation_task_planning,default,5,3,512,64,50,50,1,20.64894723892212,2026-09-22T11:49:29,39.50313817977905,1.0373840431565289,0.82,0.054332310828824504,0.9,0.04242640687119285,17.48,1.5768931479336195,
S2PSweep1,real_task_planning,default,5,3,512,64,50,50,1,20.034440755844116,2026-09-22T11:49:49,22.202515125274658,1.156360332918524,0.48,0.07065408693062278,0.54,0.07048404074682439,42.14,1.3044569751432968,1
S2PSweep1,real_task_planning,very-bright,5,3,512,64,50,50,1,20.04270577430725,2026-09-22T11:50:09,23.90194179534912,1.2826237048428948,0.48,0.07065408693062278,0.54,0.07048404074682439,40.54,1.4552553040617993,1
S2PSweep1,real_task_planning,side,5,3,512,64,50,50,1,20.06023073196411,2026-09-22T11:50:29,22.1520094871521,0.9887507803727714,0.52,0.07065408693062278,0.6,0.06928203230275509,42.5,1.1197321108193692,1
S2PSweep1,simulation_task_planning,default,5,5,64,8,50,50,1,14.151002645492554,2026-09-22T11:50:43,37.493202476501466,1.4377183655135428,0.78,0.05858327406350723,0.88,0.04595650117230423,19.46,1.7429193899891067,
S2PSweep1,real_task_planning,default,5,5,64,8,50,50,1,16.715774536132812,2026-09-22T11:51:00,24.429678916931152,1.2549201203778952,0.58,0.06979971346646059,0.58,0.06979971346646059,39.3,1.453616180427282,1
S2PSweep1,real_task_planning,very-bright,5,5,64,8,50,50,1,16.764185667037964,2026-09-22T11:51:17,23.351712856292725,1.2743590815122183,0.48,0.07065408693062278,0.54,0.07048404074682439,41.26,1.358178191549253,1
S2PSweep1,real_task_planning,side,5,5,64,8,50,50,1,16.890357971191406,2026-09-22T11:51:34,20.49467483520508,1.03415908948557,0.38,0.06864400920692205,0.48,0.07065408693062278,44.48,0.9984948672877594,1
S2PSweep1,simulation_task_planning,default,5,5,128,16,50,50,1,16.002215147018433,2026-09-22T11:51:50,38.69630670547485,1.2221090964987433,0.8,0.0565685424949238,0.9,0.04242640687119285,18.04,1.584666526433874,
S2PSweep1,real_task_planning,default,5,5,128,16,50,50,1,17.299798011779785,2026-09-22T11:52:08,22.96342275619507,1.2795693121842988,0.48,0.07065408693062278,0.54,0.07048404074682439,40.38,1.4352393528606995,1
S2PSweep1,real_task_planning,very-bright,5,5,128,16,50,50,1,17.32552981376648,2026-09-22T11:52:25,25.303326663970946,1.2656405892165266,0.56,0.07019971509913697,0.58,0.06979971346646059,39.42,1.4344587829561362,1
S2PSweep1,real_task_planning,side,5,5,128,16,50,50,1,17.133997678756714,2026-09-22T11:52:42,23.15526662826538,1.1335577405704786,0.44,0.07019971509913699,0.56,0.07019971509913697,41.12,1.3250328297819642,1
S2PSweep1,simulation_task_planning,default,5,5,512,64,50,50,1,22.18443989753723,2026-09-22T11:53:05,40.72365615844726,0.8746824957109688,0.9,0.04242640687119285,0.96,0.02771281292110205,15.16,1.0535122210966517,
S2PSweep1,real_task_planning,default,5,5,512,64,50,50,1,20.102263689041138,2026-09-22T11:53:25,25.48528865814209,1.070213948873919,0.62,0.06864400920692205,0.72,0.06349803146555018,37.4,1.3038404810405297,1
S2PSweep1,real_task_planning,very-bright,5,5,512,64,50,50,1,20.453750371932983,2026-09-22T11:53:45,25.803081302642823,1.167321579297686,0.44,0.07019971509913699,0.6,0.06928203230275509,38.54,1.4031992018241746,1
S2PSweep1,real_task_planning,side,5,5,512,64,50,50,1,20.66407060623169,2026-09-22T11:54:06,22.714368534088134,1.0785453766333148,0.46,0.07048404074682439,0.58,0.06979971346646059,42.12,1.1938643138983593,1
S2PSweep1,simulation_task_planning,default,5,1,64,8,50,50,3,11.564580202102661,2026-09-22T11:54:18,34.83331508636475,1.5939288280488941,0.42,0.06979971346646059,0.78,0.05858327406350723,21.82,2.141717068148825,
S2PSweep1,real_task_planning,default,5,1,64,8,50,50,3,15.55977988243103,2026-09-22T11:54:34,25.204085121154787,1.8816514969469413,0.4,0.06928203230275509,0.52,0.07065408693062278,33.9,2.2828490970714643,1
S2PSweep1,real_task_planning,very-bright,5,1,64,8,50,50,3,15.587500810623169,2026-09-22T11:54:49,24.22991325378418,1.739516291268986,0.4,0.06928203230275509,0.48,0.07065408693062278,36.24,2.163249407719785,1
S2PSweep1,real_task_planning,side,5,1,64,8,50,50,3,15.475728273391724,2026-09-22T11:55:05,22.60514036178589,1.6143768465076664,0.32,0.06596969000988256,0.48,0.07065408693062278,38.66,1.8570105007780653,1
S2PSweep1,simulation_task_planning,default,5,1,128,16,50,50,3,14.140949726104736,2026-09-22T11:55:19,35.777322940826416,1.365807330921582,0.4,0.06928203230275509,0.84,0.051845925587262885,21.24,1.922406824790216,
S2PSweep1,real_task_planning,default,5,1,128,16,50,50,3,15.543052196502686,2026-09-22T11:55:35,28.270043544769287,1.7628961051570944,0.44,0.07019971509913699,0.62,0.06864400920692205,30.9,2.184719661649979,1
S2PSweep1,real_task_planning,very-bright,5,1,128,16,50,50,3,15.553123950958252,2026-09-22T11:55:50,25.272178440093995,1.6535355617365115,0.44,0.07019971509913699,0.58,0.06979971346646059,35.54,2.07638339426995,1
S2PSweep1,real_task_planning,side,5,1,128,16,50,50,3,14.174782276153564,2026-09-22T11:56:05,26.39346794128418,1.6233804563474385,0.44,0.07019971509913699,0.56,0.07019971509913697,35.86,1.9585729498795799,1
S2PSweep1,simulation_task_planning,default,5,1,512,64,50,50,3,11.680440425872803,2026-09-22T11:56:16,35.140242919921874,1.4650012609779086,0.34,0.0669925368977769,0.78,0.05858327406350723,22.58,2.1217144011388527,
S2PSweep1,real_task_planning,default,5,1,512,64,50,50,3,12.787102699279785,2026-09-22T11:56:29,28.36581085205078,1.7300596003783926,0.6,0.06928203230275509,0.64,0.06788225099390856,31.12,2.1473034252289547,1
S2PSweep1,real_task_planning,very-bright,5,1,512,64,50,50,3,13.002295017242432,2026-09-22T11:56:42,26.148043308258057,1.7808157633250943,0.42,0.06979971346646059,0.58,0.06979971346646059,33.5,2.110781845667619,1
S2PSweep1,real_task_planning,side,5,1,512,64,50,50,3,12.750180006027222,2026-09-22T11:56:55,25.131119499206545,1.5571559160388941,0.36,0.06788225099390856,0.52,0.07065408693062278,37.0,2.0595145058969604,1
S2PSweep1,simulation_task_planning,default,5,3,64,8,50,50,3,11.352449417114258,2026-09-22T11:57:07,36.449323387145995,1.4559213230470802,0.46,0.07048404074682439,0.86,0.04907137658554119,19.66,1.8129776611971808,
S2PSweep1,real_task_planning,default,5,3,64,8,50,50,3,10.359077453613281,2026-09-22T11:57:17,28.882943115234376,1.8352460210480217,0.6,0.06928203230275509,0.66,0.0669925368977769,32.0,2.0759576103572055,1
S2PSweep1,real_task_planning,very-bright,5,3,64,8,50,50,3,13.226609945297241,2026-09-22T11:57:31,23.21767339706421,1.657514318526133,0.4,0.06928203230275509,0.44,0.07019971509913699,39.88,1.8314234900754112,1
S2PSweep1,real_task_planning,side,5,3,64,8,50,50,3,7.125598430633545,2026-09-22T11:57:38,25.074461402893068,1.6234300892270712,0.36,0.06788225099390856,0.54,0.07048404074682439,36.0,1.9189580506097574,1
S2PSweep1,simulation_task_planning,default,5,3,128,16,50,50,3,4.8521130084991455,2026-09-22T11:57:43,36.30500263214111,1.488852983526163,0.42,0.06979971346646059,0.86,0.04907137658554119,19.2,1.814607395554201,
S2PSweep1,real_task_planning,default,5,3,128,16,50,50,3,6.203450441360474,2026-09-22T11:57:49,28.228545722961425,1.7343427959855489,0.54,0.07048404074682439,0.7,0.06480740698407861,30.18,1.9804423748243722,1
S2PSweep1,real_task_planning,very-bright,5,3,128,16,50,50,3,6.152005910873413,2026-09-22T11:57:55,24.646723232269288,1.6616093743847757,0.44,0.07019971509913699,0.48,0.07065408693062278,38.98,1.864293968235696,1
S2PSweep1,real_task_planning,side,5,3,128,16,50,50,3,6.237746477127075,2026-09-22T11:58:01,25.939725646972658,1.6271573336103617,0.46,0.07048404074682439,0.54,0.07048404074682439,36.82,1.9155552719772924,1
S2PSweep1,simulation_task_planning,default,5,3,512,64,50,50,3,5.649295330047607,2026-09-22T11:58:07,37.956065845489505,1.185762265970232,0.48,0.07065408693062278,0.9,0.04242640687119285,18.48,1.5993098511545536,
S2PSweep1,real_task_planning,default,5,3,512,64,50,50,3,6.854004621505737,2026-09-22T11:58:14,30.83903705596924,1.6170509382924882,0.66,0.0669925368977769,0.76,0.060398675482166,29.02,1.9430882635639586,1
S2PSweep1,real_task_planning,very-bright,5,3,512,64,50,50,3,6.734463214874268,2026-09-22T11:58:21,26.954711418151856,1.6094823596590644,0.46,0.07048404074682439,0.6,0.06928203230275509,36.2,1.8465102220134066,1
S2PSweep1,real_task_planning,side,5,3,512,64,50,50,3,6.815935850143433,2026-09-22T11:58:27,26.510960865020753,1.5230434322207962,0.48,0.07065408693062278,0.6,0.06928203230275509,36.04,1.8564396031112889,1
S2PSweep1,simulation_task_planning,default,5,5,64,8,50,50,3,4.781672477722168,2026-09-22T11:58:32,35.60477750778198,1.5120678971566786,0.48,0.07065408693062278,0.82,0.054332310828824504,21.54,1.9545250062355306,
S2PSweep1,real_task_planning,default,5,5,64,8,50,50,3,6.902167558670044,2026-09-22T11:58:39,30.16436975479126,1.6434612855745288,0.62,0.06864400920692205,0.72,0.06349803146555018,29.36,1.9575004469986719,1
S2PSweep1,real_task_planning,very-bright,5,5,64,8,50,50,3,6.902575492858887,2026-09-22T11:58:46,26.53083097457886,1.7506537580953332,0.54,0.07048404074682439,0.62,0.06864400920692205,33.52,1.9506388697039745,1
S2PSweep1,real_task_planning,side,5,5,64,8,50,50,3,6.768740177154541,2026-09-22T11:58:53,25.397404384613036,1.5489343664406403,0.38,0.06864400920692205,0.54,0.07048404074682439,36.24,2.0239683791996357,1
S2PSweep1,simulation_task_planning,default,5,5,128,16,50,50,3,5.021430730819702,2026-09-22T11:58:58,37.21662275314331,1.3170358155670225,0.42,0.06979971346646059,0.88,0.04595650117230423,19.66,1.7423225878120272,
S2PSweep1,real_task_planning,default,5,5,128,16,50,50,3,6.688610076904297,2026-09-22T11:59:05,28.74300022125244,1.8718239929353533,0.56,0.07019971509913697,0.64,0.06788225099390856,30.54,2.1007065478071896,1
S2PSweep1,real_task_planning,very-bright,5,5,128,16,50,50,3,6.6910388469696045,2026-09-22T11:59:11,27.56956148147583,1.6215810316453247,0.48,0.07065408693062278,0.62,0.06864400920692205,34.82,1.8333990291259563,1
S2PSweep1,real_task_planning,side,5,5,128,16,50,50,3,6.758037090301514,2026-09-22T11:59:18,27.51011167526245,1.73373505977512,0.52,0.07065408693062278,0.56,0.07019971509913697,33.74,2.1080436428119795,1
S2PSweep1,simulation_task_planning,default,5,5,512,64,50,50,3,7.257655382156372,2026-09-22T11:59:25,35.76988126754761,1.5166460674872464,0.44,0.07019971509913699,0.84,0.051845925587262885,20.8,2.013554071784515,
S2PSweep1,real_task_planning,default,5,5,512,64,50,50,3,10.486171245574951,2026-09-22T11:59:36,30.452445030212402,1.5886273674770899,0.64,0.06788225099390856,0.72,0.06349803146555018,30.0,1.9353552645444712,1
S2PSweep1,real_task_planning,very-bright,5,5,512,64,50,50,3,10.583106756210327,2026-09-22T11:59:47,26.82466564178467,1.6983018341786855,0.52,0.07065408693062278,0.62,0.06864400920692205,34.72,1.8430496466454722,1
S2PSweep1,real_task_planning,side,5,5,512,64,50,50,3,10.57031536102295,2026-09-22T11:59:57,27.968034896850586,1.583376780339698,0.54,0.07048404074682439,0.68,0.06596969000988256,32.08,1.9521967113997503,1
S2PSweep1,simulation_task_planning,default,5,1,64,8,50,50,5,7.413629770278931,2026-09-22T12:00:05,24.50899751663208,1.6360338993971462,0.12,0.04595650117230423,0.54,0.07048404074682439,34.26,2.191403203429255,
S2PSweep1,real_task_planning,default,5,1,64,8,50,50,5,7.9595232009887695,2026-09-22T12:00:13,21.771838035583496,1.6054900076759675,0.26,0.06203224967708329,0.42,0.06979971346646059,38.46,2.042588553771904,1
S2PSweep1,real_task_planning,very-bright,5,1,64,8,50,50,5,8.043945074081421,2026-09-22T12:00:21,21.546106700897216,1.584721156764475,0.14,0.04907137658554119,0.38,0.06864400920692205,40.72,1.8712648129006217,1
S2PSweep1,real_task_planning,side,5,1,64,8,50,50,5,7.837439298629761,2026-09-22T12:00:29,20.092390022277833,1.4463618442177395,0.1,0.042426406871192854,0.26,0.06203224967708329,42.54,1.8341668408299174,1
S2PSweep1,simulation_task_planning,default,5,1,128,16,50,50,5,7.042126178741455,2026-09-22T12:00:36,25.604004249572753,1.7308202800797663,0.12,0.04595650117230423,0.48,0.07065408693062278,35.08,2.265363546983133,
S2PSweep1,real_task_planning,default,5,1,128,16,50,50,5,8.24186396598816,2026-09-22T12:00:44,23.44006845474243,1.6935726227319972,0.26,0.06203224967708329,0.5,0.07071067811865475,36.3,2.067510580384052,1
S2PSweep1,real_task_planning,very-bright,5,1,128,16,50,50,5,7.792828559875488,2026-09-22T12:00:52,21.13784543991089,1.5450176113398681,0.26,0.06203224967708329,0.34,0.0669925368977769,43.22,1.5865156790905028,1
S2PSweep1,real_task_planning,side,5,1,128,16,50,50,5,7.905433416366577,2026-09-22T12:01:00,21.47860824584961,1.5040331293536107,0.2,0.05656854249492381,0.28,0.06349803146555018,42.96,1.6909074486795543,1
S2PSweep1,simulation_task_planning,default,5,1,512,64,50,50,5,7.193604946136475,2026-09-22T12:01:07,25.63673315048218,1.6606532765005673,0.2,0.05656854249492381,0.52,0.07065408693062278,35.88,2.1106662455253318,
S2PSweep1,real_task_planning,default,5,1,512,64,50,50,5,8.227527141571045,2026-09-22T12:01:15,23.394787464141846,1.642069623694557,0.3,0.0648074069840786,0.5,0.07071067811865475,36.16,2.065015254180947,1
S2PSweep1,real_task_planning,very-bright,5,1,512,64,50,50,5,8.104580879211426,2026-09-22T12:01:23,20.092225341796876,1.5100248841472832,0.16,0.05184592558726288,0.32,0.06596969000988256,41.84,1.7853537464603477,1
S2PSweep1,real_task_planning,side,5,1,512,64,50,50,5,8.246714353561401,2026-09-22T12:01:32,22.748927688598634,1.5784138747154814,0.2,0.05656854249492381,0.32,0.06596969000988256,41.98,1.7869504749712566,1
S2PSweep1,simulation_task_planning,default,5,3,64,8,50,50,5,7.167885065078735,2026-09-22T12:01:39,26.02083173751831,1.7807156685553915,0.34,0.0669925368977769,0.58,0.06979971346646059,33.1,2.2002272609891915,
S2PSweep1,real_task_planning,default,5,3,64,8,50,50,5,8.460467100143433,2026-09-22T12:01:47,21.713900527954102,1.780042907309094,0.32,0.06596969000988256,0.4,0.06928203230275509,39.88,1.9050753265947253,1
S2PSweep1,real_task_planning,very-bright,5,3,64,8,50,50,5,8.60918927192688,2026-09-22T12:01:56,18.305616989135743,1.4818994960918574,0.16,0.05184592558726288,0.22,0.05858327406350724,45.58,1.4045896197822336,1
S2PSweep1,real_task_planning,side,5,3,64,8,50,50,5,8.412923812866211,2026-09-22T12:02:04,20.090448627471925,1.4692760617716876,0.2,0.05656854249492381,0.24,0.060398675482166,45.68,1.290097670721097,1
S2PSweep1,simulation_task_planning,default,5,3,128,16,50,50,5,7.159677743911743,2026-09-22T12:02:12,25.463596630096436,1.8046271258797488,0.28,0.06349803146555018,0.52,0.07065408693062278,34.76,2.182761553628797,
S2PSweep1,real_task_planning,default,5,3,128,16,50,50,5,8.80700969696045,2026-09-22T12:02:20,22.478580665588378,1.7790160081612452,0.34,0.0669925368977769,0.42,0.06979971346646059,38.7,1.962906008957128,1
S2PSweep1,real_task_planning,very-bright,5,3,128,16,50,50,5,8.62263560295105,2026-09-22T12:02:29,19.368040142059325,1.6659359575484813,0.2,0.05656854249492381,0.32,0.06596969000988256,42.24,1.7578532361946486,1
S2PSweep1,real_task_planning,side,5,3,128,16,50,50,5,8.308082818984985,2026-09-22T12:02:37,21.104089546203614,1.5072535854829008,0.22,0.05858327406350724,0.3,0.0648074069840786,43.36,1.5838585795455349,1
S2PSweep1,simulation_task_planning,default,5,3,512,64,50,50,5,7.659679174423218,2026-09-22T12:02:45,28.40299434661865,1.8207051169411201,0.32,0.06596969000988256,0.66,0.0669925368977769,29.74,2.1267458710433647,
S2PSweep1,real_task_planning,default,5,3,512,64,50,50,5,9.090375900268555,2026-09-22T12:02:54,22.27471164703369,1.729202586267591,0.34,0.0669925368977769,0.44,0.07019971509913699,39.48,1.8608041272525166,1
S2PSweep1,real_task_planning,very-bright,5,3,512,64,50,50,5,9.037876605987549,2026-09-22T12:03:03,18.12161808013916,1.5045612791793914,0.24,0.060398675482166,0.28,0.06349803146555018,45.72,1.2490124098662911,1
S2PSweep1,real_task_planning,side,5,3,512,64,50,50,5,9.168964862823486,2026-09-22T12:03:13,22.490259132385255,1.6053145985272688,0.3,0.0648074069840786,0.34,0.0669925368977769,42.18,1.6377276940932517,1
S2PSweep1,simulation_task_planning,default,5,5,64,8,50,50,5,7.009886980056763,2026-09-22T12:03:20,24.338410472869874,1.8085046789923396,0.06,0.03358571124749333,0.46,0.07048404074682439,36.26,2.219154794060117,
S2PSweep1,real_task_planning,default,5,5,64,8,50,50,5,9.206106185913086,2026-09-22T12:03:29,19.93648956298828,1.5618124118107037,0.2,0.05656854249492381,0.36,0.06788225099390856,41.06,1.8807253919698113,1
S2PSweep1,real_task_planning,very-bright,5,5,64,8,50,50,5,8.936373949050903,2026-09-22T12:03:38,21.180280742645262,1.7467297457922513,0.28,0.06349803146555018,0.44,0.07019971509913699,39.74,1.9560797529753224,1
S2PSweep1,real_task_planning,side,5,5,64,8,50,50,5,8.84851622581482,2026-09-22T12:03:47,22.86458641052246,1.7322856674195504,0.36,0.06788225099390856,0.42,0.06979971346646059,40.08,1.7567788705468883,1
S2PSweep1,simulation_task_planning,default,5,5,128,16,50,50,5,7.4606428146362305,2026-09-22T12:03:54,24.474879379272462,1.8701931847676025,0.2,0.05656854249492381,0.46,0.07048404074682439,36.68,2.137557484607139,
S2PSweep1,real_task_planning,default,5,5,128,16,50,50,5,9.021271467208862,2026-09-22T12:04:03,18.981733016967773,1.5429767240135885,0.2,0.05656854249492381,0.26,0.06203224967708329,43.44,1.647582471380416,1
S2PSweep1,real_task_planning,very-bright,5,5,128,16,50,50,5,8.953532218933105,2026-09-22T12:04:12,19.105479850769044,1.5298397007701479,0.22,0.05858327406350724,0.28,0.06349803146555018,43.62,1.610190050894614,1
S2PSweep1,real_task_planning,side,5,5,128,16,50,50,5,9.241264820098877,2026-09-22T12:04:21,22.78670991897583,1.5807405138354764,0.3,0.0648074069840786,0.4,0.06928203230275509,42.06,1.5759213178328413,1
S2PSweep1,simulation_task_planning,default,5,5,512,64,50,50,5,8.308619499206543,2026-09-22T12:04:30,27.40699394226074,1.8478472716473748,0.28,0.06349803146555018,0.62,0.06864400920692205,31.3,2.186732722579511,
S2PSweep1,real_task_planning,default,5,5,512,64,50,50,5,10.170361280441284,2026-09-22T12:04:40,18.452567367553712,1.5756345917870536,0.22,0.05858327406350724,0.28,0.06349803146555018,42.74,1.7807436648771209,1
S2PSweep1,real_task_planning,very-bright,5,5,512,64,50,50,5,10.114661693572998,2026-09-22T12:04:50,18.94682596206665,1.7115141279335788,0.18,0.054332310828824504,0.3,0.0648074069840786,41.74,1.9550570324161898,1
S2PSweep1,real_task_planning,side,5,5,512,64,50,50,5,9.982500791549683,2026-09-22T12:05:00,21.051678905487062,1.541027727751579,0.26,0.06203224967708329,0.3,0.0648074069840786,43.46,1.513462255888795,1
