run_name,evaluator,lighting,horizon,iterations,num_samples,num_elites,num_episodes,num_envs,replan_every,max_episode_steps,wall_clock_seconds,finished_at,episode_return,episode_return_sem,episode_success_at_end_rate,episode_success_at_end_rate_sem,episode_success_once_rate,episode_success_once_rate_sem,episode_time_to_success,episode_time_to_success_sem,steps_needed_to_plan
S2PSweep1_10sEpisodes,simulation_task_planning,default,1,1,64,8,50,50,1,200,27.50178623199463,2026-09-22T12:51:08,156.9346445465088,6.306483614112792,0.38,0.06864400920692205,0.96,0.02771281292110205,24.74,5.310880153044313,
S2PSweep1_10sEpisodes,real_task_planning,default,1,1,64,8,50,50,1,200,28.482534646987915,2026-09-22T12:51:37,134.35319778442383,7.421391540711333,0.4,0.06928203230275509,0.74,0.06203224967708329,78.34,10.325216123646033,1
S2PSweep1_10sEpisodes,real_task_planning,very-bright,1,1,64,8,50,50,1,200,28.07193374633789,2026-09-22T12:52:07,118.55378700256348,7.887599310582864,0.36,0.06788225099390856,0.64,0.06788225099390856,96.5,11.167784023699598,1
S2PSweep1_10sEpisodes,real_task_planning,side,1,1,64,8,50,50,1,200,28.014636516571045,2026-09-22T12:52:37,118.92407180786132,7.785939475903457,0.32,0.06596969000988256,0.68,0.06596969000988256,90.94,10.760610019882701,1
S2PSweep1_10sEpisodes,simulation_task_planning,default,1,1,128,16,50,50,1,200,28.35151958465576,2026-09-22T12:53:05,163.41253211975098,5.46378473556986,0.52,0.07065408693062278,0.98,0.019798989873223337,24.14,4.494352901141609,
S2PSweep1_10sEpisodes,real_task_planning,default,1,1,128,16,50,50,1,200,29.391692876815796,2026-09-22T12:53:34,114.22845611572265,7.875558014205117,0.26,0.06203224967708329,0.64,0.06788225099390856,101.9,10.853838030853417,1
S2PSweep1_10sEpisodes,real_task_planning,very-bright,1,1,128,16,50,50,1,200,29.209125518798828,2026-09-22T12:54:04,125.68416229248047,7.609662475471784,0.44,0.07019971509913699,0.7,0.06480740698407861,89.92,10.719098469554238,1
S2PSweep1_10sEpisodes,real_task_planning,side,1,1,128,16,50,50,1,200,30.415592670440674,2026-09-22T12:54:34,104.74552040100097,7.849202939669662,0.2,0.05656854249492381,0.6,0.06928203230275509,107.24,11.012812901343597,1
S2PSweep1_10sEpisodes,simulation_task_planning,default,1,1,512,64,50,50,1,200,33.991448640823364,2026-09-22T12:55:08,173.17847076416015,4.072068070682613,0.54,0.07048404074682439,0.98,0.019798989873223337,20.32,3.9587311098381006,
S2PSweep1_10sEpisodes,real_task_planning,default,1,1,512,64,50,50,1,200,33.29670977592468,2026-09-22T12:55:41,119.71504913330078,8.359068365944534,0.32,0.06596969000988256,0.62,0.06864400920692205,98.34,11.534491232819935,1
S2PSweep1_10sEpisodes,real_task_planning,very-bright,1,1,512,64,50,50,1,200,33.33608889579773,2026-09-22T12:56:15,139.961616897583,6.82629574041355,0.5,0.07071067811865475,0.76,0.060398675482166,79.84,10.20389572663304,1
S2PSweep1_10sEpisodes,real_task_planning,side,1,1,512,64,50,50,1,200,33.46740412712097,2026-09-22T12:56:48,115.20537956237793,7.493948425757818,0.26,0.06203224967708329,0.6,0.06928203230275509,105.4,11.333701954789525,1
S2PSweep1_10sEpisodes,simulation_task_planning,default,1,3,64,8,50,50,1,200,20.437011003494263,2026-09-22T12:57:09,130.03997062683106,6.340287425449705,0.18,0.054332310828824504,0.92,0.038366652186501746,32.72,7.107012874618985,
S2PSweep1_10sEpisodes,real_task_planning,default,1,3,64,8,50,50,1,200,19.54877996444702,2026-09-22T12:57:28,109.59783843994141,8.379569714646605,0.28,0.06349803146555018,0.62,0.06864400920692205,97.42,11.424258050306813,1
S2PSweep1_10sEpisodes,real_task_planning,very-bright,1,3,64,8,50,50,1,200,19.545523643493652,2026-09-22T12:57:48,121.93414291381836,8.549094306885216,0.42,0.06979971346646059,0.66,0.0669925368977769,92.02,11.074059418298242,1
S2PSweep1_10sEpisodes,real_task_planning,side,1,3,64,8,50,50,1,200,20.162402868270874,2026-09-22T12:58:08,93.99160690307617,7.786733263604367,0.18,0.054332310828824504,0.52,0.07065408693062278,115.6,11.54552727249821,1
S2PSweep1_10sEpisodes,simulation_task_planning,default,1,3,128,16,50,50,1,200,20.43877673149109,2026-09-22T12:58:29,125.71618835449219,7.639985022232326,0.14,0.04907137658554119,0.84,0.051845925587262885,49.74,9.489143691608849,
S2PSweep1_10sEpisodes,real_task_planning,default,1,3,128,16,50,50,1,200,20.265185594558716,2026-09-22T12:58:49,111.37991523742676,7.961682361494635,0.18,0.054332310828824504,0.6,0.06928203230275509,101.46,11.45234334099358,1
S2PSweep1_10sEpisodes,real_task_planning,very-bright,1,3,128,16,50,50,1,200,20.20179796218872,2026-09-22T12:59:09,122.33943023681641,8.015065695938564,0.34,0.0669925368977769,0.7,0.06480740698407861,83.62,10.839959040513023,1
S2PSweep1_10sEpisodes,real_task_planning,side,1,3,128,16,50,50,1,200,27.637537479400635,2026-09-22T12:59:37,88.67846633911132,6.965548752766036,0.12,0.04595650117230423,0.54,0.07048404074682439,117.24,11.148903443836977,1
S2PSweep1_10sEpisodes,simulation_task_planning,default,1,3,512,64,50,50,1,200,37.37504839897156,2026-09-22T13:00:14,136.65158321380616,7.534576264330883,0.28,0.06349803146555018,0.84,0.051845925587262885,51.58,9.689750873990516,
S2PSweep1_10sEpisodes,real_task_planning,default,1,3,512,64,50,50,1,200,34.161845207214355,2026-09-22T13:00:48,99.7315408706665,7.605015738918115,0.18,0.054332310828824504,0.54,0.07048404074682439,112.02,11.56593238783627,1
S2PSweep1_10sEpisodes,real_task_planning,very-bright,1,3,512,64,50,50,1,200,33.27557921409607,2026-09-22T13:01:22,120.50495574951172,8.087453068157274,0.38,0.06864400920692205,0.7,0.06480740698407861,91.88,10.504842312000688,1
S2PSweep1_10sEpisodes,real_task_planning,side,1,3,512,64,50,50,1,200,34.11310076713562,2026-09-22T13:01:56,90.40816802978516,7.583583075903139,0.16,0.05184592558726288,0.46,0.07048404074682439,125.26,11.490058659554354,1
S2PSweep1_10sEpisodes,simulation_task_planning,default,1,5,64,8,50,50,1,200,30.046961307525635,2026-09-22T13:02:26,127.85750679016114,7.595710114871361,0.14,0.04907137658554119,0.84,0.051845925587262885,47.1,9.613168052208389,
S2PSweep1_10sEpisodes,real_task_planning,default,1,5,64,8,50,50,1,200,31.90399932861328,2026-09-22T13:02:58,92.44665531158448,8.118578100722232,0.2,0.05656854249492381,0.52,0.07065408693062278,117.6,11.391926966058026,1
S2PSweep1_10sEpisodes,real_task_planning,very-bright,1,5,64,8,50,50,1,200,30.00666570663452,2026-09-22T13:03:28,104.94195602416993,8.44983325823407,0.24,0.060398675482166,0.56,0.07019971509913697,110.56,11.442382968595307,1
S2PSweep1_10sEpisodes,real_task_planning,side,1,5,64,8,50,50,1,200,30.777596712112427,2026-09-22T13:03:59,86.12020851135254,6.948008411294232,0.1,0.042426406871192854,0.54,0.07048404074682439,114.66,11.281794538104299,1
S2PSweep1_10sEpisodes,simulation_task_planning,default,1,5,128,16,50,50,1,200,33.29578256607056,2026-09-22T13:04:32,121.2259384918213,7.894022777191728,0.14,0.04907137658554119,0.84,0.051845925587262885,49.82,9.652261496664913,
S2PSweep1_10sEpisodes,real_task_planning,default,1,5,128,16,50,50,1,200,31.370487451553345,2026-09-22T13:05:04,102.21236618041992,8.188987262143918,0.16,0.05184592558726288,0.56,0.07019971509913697,106.72,11.723174996561298,1
S2PSweep1_10sEpisodes,real_task_planning,very-bright,1,5,128,16,50,50,1,200,31.64352560043335,2026-09-22T13:05:35,102.67519493103028,8.124873844864824,0.24,0.060398675482166,0.54,0.07048404074682439,113.16,11.463624557704254,1
S2PSweep1_10sEpisodes,real_task_planning,side,1,5,128,16,50,50,1,200,31.61883521080017,2026-09-22T13:06:07,85.37127437591553,6.854215669982918,0.1,0.042426406871192854,0.54,0.07048404074682439,116.26,11.22941886296882,1
S2PSweep1_10sEpisodes,simulation_task_planning,default,1,5,512,64,50,50,1,200,40.28842854499817,2026-09-22T13:06:47,126.84720382690429,8.155542976727824,0.24,0.060398675482166,0.88,0.04595650117230423,39.74,8.470457366636113,
S2PSweep1_10sEpisodes,real_task_planning,default,1,5,512,64,50,50,1,200,25.379854440689087,2026-09-22T13:07:13,99.73860816955566,8.357519510696534,0.24,0.060398675482166,0.54,0.07048404074682439,111.82,11.608572349776695,1
S2PSweep1_10sEpisodes,real_task_planning,very-bright,1,5,512,64,50,50,1,200,25.3943030834198,2026-09-22T13:07:38,108.08498672485352,8.592274914711961,0.26,0.06203224967708329,0.66,0.0669925368977769,94.38,11.065437722928092,1
S2PSweep1_10sEpisodes,real_task_planning,side,1,5,512,64,50,50,1,200,25.598591566085815,2026-09-22T13:08:04,79.40140048980713,6.953196025948964,0.08,0.03836665218650176,0.48,0.07065408693062278,124.82,11.196917075695435,1
S2PSweep1_10sEpisodes,simulation_task_planning,default,3,1,64,8,50,50,1,200,18.448967456817627,2026-09-22T13:08:22,171.71212631225586,4.23449719311796,0.52,0.07065408693062278,0.96,0.02771281292110205,20.94,5.17504859880562,
S2PSweep1_10sEpisodes,real_task_planning,default,3,1,64,8,50,50,1,200,19.173522472381592,2026-09-22T13:08:41,125.49468658447266,7.543321520146977,0.4,0.06928203230275509,0.7,0.06480740698407861,90.28,10.332745617695231,1
S2PSweep1_10sEpisodes,real_task_planning,very-bright,3,1,64,8,50,50,1,200,18.97425127029419,2026-09-22T13:09:00,141.85895042419435,6.9245985693856555,0.56,0.07019971509913697,0.8,0.0565685424949238,68.82,9.400795285506433,1
S2PSweep1_10sEpisodes,real_task_planning,side,3,1,64,8,50,50,1,200,19.074549198150635,2026-09-22T13:09:19,111.02707649230958,7.404390681538102,0.16,0.05184592558726288,0.64,0.06788225099390856,99.38,10.898803237053139,1
S2PSweep1_10sEpisodes,simulation_task_planning,default,3,1,128,16,50,50,1,200,19.215460062026978,2026-09-22T13:09:39,167.60748489379884,5.789889913180969,0.66,0.0669925368977769,0.96,0.02771281292110205,21.5,5.163893879622237,
S2PSweep1_10sEpisodes,real_task_planning,default,3,1,128,16,50,50,1,200,19.50312566757202,2026-09-22T13:09:58,108.71822616577148,8.029604038436865,0.28,0.06349803146555018,0.58,0.06979971346646059,110.22,11.35585452530984,1
S2PSweep1_10sEpisodes,real_task_planning,very-bright,3,1,128,16,50,50,1,200,19.478570222854614,2026-09-22T13:10:18,122.78779998779297,8.093691780623404,0.44,0.07019971509913699,0.6,0.06928203230275509,100.54,11.567098512591652,1
S2PSweep1_10sEpisodes,real_task_planning,side,3,1,128,16,50,50,1,200,19.471691370010376,2026-09-22T13:10:37,117.93212478637696,7.03440374208433,0.24,0.060398675482166,0.72,0.06349803146555018,87.94,10.279043146129895,1
S2PSweep1_10sEpisodes,simulation_task_planning,default,3,1,512,64,50,50,1,200,21.89559245109558,2026-09-22T13:10:59,153.01991371154784,6.764829393025576,0.44,0.07019971509913699,0.92,0.038366652186501746,31.98,7.1387108079820685,
S2PSweep1_10sEpisodes,real_task_planning,default,3,1,512,64,50,50,1,200,20.61565136909485,2026-09-22T13:11:20,126.88424118041992,7.258182208882448,0.34,0.0669925368977769,0.68,0.06596969000988256,95.56,10.59951546062366,1
S2PSweep1_10sEpisodes,real_task_planning,very-bright,3,1,512,64,50,50,1,200,20.72891068458557,2026-09-22T13:11:41,133.97433135986327,6.975680703689233,0.4,0.06928203230275509,0.76,0.060398675482166,83.5,10.208085030993814,1
S2PSweep1_10sEpisodes,real_task_planning,side,3,1,512,64,50,50,1,200,20.723459482192993,2026-09-22T13:12:01,127.10910827636718,6.863206197389201,0.32,0.06596969000988256,0.74,0.06203224967708329,84.7,9.964426727112805,1
S2PSweep1_10sEpisodes,simulation_task_planning,default,3,3,64,8,50,50,1,200,24.962194442749023,2026-09-22T13:12:26,166.64750831604005,6.478497342201945,0.62,0.06864400920692205,0.92,0.038366652186501746,30.04,7.159494954254804,
S2PSweep1_10sEpisodes,real_task_planning,default,3,3,64,8,50,50,1,200,30.11203622817993,2026-09-22T13:12:56,131.93280403137206,6.853651755901816,0.34,0.0669925368977769,0.84,0.051845925587262885,73.7,8.77187551211256,1
S2PSweep1_10sEpisodes,real_task_planning,very-bright,3,3,64,8,50,50,1,200,30.776368141174316,2026-09-22T13:13:27,136.60371185302733,6.971376498278044,0.44,0.07019971509913699,0.82,0.054332310828824504,72.32,8.90848763820212,1
S2PSweep1_10sEpisodes,real_task_planning,side,3,3,64,8,50,50,1,200,29.593011140823364,2026-09-22T13:13:57,124.42195472717285,7.801694644058757,0.42,0.06979971346646059,0.68,0.06596969000988256,90.86,10.706633831414988,1
S2PSweep1_10sEpisodes,simulation_task_planning,default,3,3,128,16,50,50,1,200,29.942785263061523,2026-09-22T13:14:27,168.66513412475587,5.836970259832938,0.54,0.07048404074682439,0.94,0.03358571124749334,28.46,6.552447481666678,
S2PSweep1_10sEpisodes,real_task_planning,default,3,3,128,16,50,50,1,200,29.96474814414978,2026-09-22T13:14:57,146.6185115814209,6.294388856683657,0.5,0.07071067811865475,0.84,0.051845925587262885,67.16,8.63478361049077,1
S2PSweep1_10sEpisodes,real_task_planning,very-bright,3,3,128,16,50,50,1,200,30.877617835998535,2026-09-22T13:15:28,145.64120414733887,6.3103315476944015,0.5,0.07071067811865475,0.86,0.04907137658554119,69.66,9.163388456242592,1
S2PSweep1_10sEpisodes,real_task_planning,side,3,3,128,16,50,50,1,200,30.864089250564575,2026-09-22T13:15:59,124.95869331359863,7.146849334103947,0.32,0.06596969000988256,0.78,0.05858327406350723,77.52,9.398350493570666,1
S2PSweep1_10sEpisodes,simulation_task_planning,default,3,3,512,64,50,50,1,200,39.95678949356079,2026-09-22T13:16:39,162.37398307800294,7.021057483387229,0.62,0.06864400920692205,0.96,0.02771281292110205,22.8,5.247551810130129,
S2PSweep1_10sEpisodes,real_task_planning,default,3,3,512,64,50,50,1,200,34.78893160820007,2026-09-22T13:17:14,151.5058610534668,5.83324340141595,0.56,0.07019971509913697,0.92,0.038366652186501746,52.94,6.560756663678359,1
S2PSweep1_10sEpisodes,real_task_planning,very-bright,3,3,512,64,50,50,1,200,35.275105237960815,2026-09-22T13:17:49,136.20311630249023,6.919694195230359,0.44,0.07019971509913699,0.84,0.051845925587262885,67.92,8.647489346625411,1
S2PSweep1_10sEpisodes,real_task_planning,side,3,3,512,64,50,50,1,200,35.68565583229065,2026-09-22T13:18:25,117.22729766845703,7.9313230118336575,0.32,0.06596969000988256,0.66,0.0669925368977769,96.12,11.121174038742494,1
S2PSweep1_10sEpisodes,simulation_task_planning,default,3,5,64,8,50,50,1,200,29.50499701499939,2026-09-22T13:18:54,175.33265922546386,4.270543253663837,0.56,0.07019971509913697,0.98,0.019798989873223337,18.94,3.9284001832807203,
S2PSweep1_10sEpisodes,real_task_planning,default,3,5,64,8,50,50,1,200,30.86987805366516,2026-09-22T13:19:25,124.87340202331544,7.786889316133938,0.4,0.06928203230275509,0.74,0.06203224967708329,82.18,10.169117562502656,1
S2PSweep1_10sEpisodes,real_task_planning,very-bright,3,5,64,8,50,50,1,200,25.478534936904907,2026-09-22T13:19:51,134.89930862426758,7.8596418176511875,0.42,0.06979971346646059,0.7,0.06480740698407861,91.48,11.141355034285551,1
S2PSweep1_10sEpisodes,real_task_planning,side,3,5,64,8,50,50,1,200,20.40822982788086,2026-09-22T13:20:11,135.09219833374024,6.874002275763973,0.42,0.06979971346646059,0.84,0.051845925587262885,66.8,8.562616422566176,1
S2PSweep1_10sEpisodes,simulation_task_planning,default,3,5,128,16,50,50,1,200,22.08927631378174,2026-09-22T13:20:33,177.0136280822754,4.651145988661522,0.68,0.06596969000988256,0.98,0.019798989873223337,17.64,3.7284591991867098,
S2PSweep1_10sEpisodes,real_task_planning,default,3,5,128,16,50,50,1,200,21.680065393447876,2026-09-22T13:20:55,129.7298233795166,7.287682633755014,0.32,0.06596969000988256,0.82,0.054332310828824504,79.04,8.95262911104889,1
S2PSweep1_10sEpisodes,real_task_planning,very-bright,3,5,128,16,50,50,1,200,21.750585556030273,2026-09-22T13:21:17,133.99499282836913,7.467397207752384,0.44,0.07019971509913699,0.8,0.0565685424949238,70.14,9.494630482541174,1
S2PSweep1_10sEpisodes,real_task_planning,side,3,5,128,16,50,50,1,200,21.862602710723877,2026-09-22T13:21:39,114.19654434204102,7.630252277387268,0.28,0.06349803146555018,0.72,0.06349803146555018,89.22,10.151700941221623,1
S2PSweep1_10sEpisodes,simulation_task_planning,default,3,5,512,64,50,50,1,200,39.09968543052673,2026-09-22T13:22:18,179.7073260498047,3.9198678669693257,0.68,0.06596969000988256,1.0,0.0,13.64,0.43521029399590255,
S2PSweep1_10sEpisodes,real_task_planning,default,3,5,512,64,50,50,1,200,39.7445113658905,2026-09-22T13:22:57,132.8397144317627,7.793035037353741,0.5,0.07071067811865475,0.76,0.060398675482166,81.52,9.971930204328547,1
S2PSweep1_10sEpisodes,real_task_planning,very-bright,3,5,512,64,50,50,1,200,39.46810221672058,2026-09-22T13:23:37,142.5852848815918,7.0147214808081975,0.54,0.07048404074682439,0.8,0.0565685424949238,78.14,9.545721973743001,1
S2PSweep1_10sEpisodes,real_task_planning,side,3,5,512,64,50,50,1,200,39.54147005081177,2026-09-22T13:24:16,123.60494369506836,7.635439059421812,0.36,0.06788225099390856,0.74,0.06203224967708329,84.44,9.964222398160329,1
S2PSweep1_10sEpisodes,simulation_task_planning,default,3,1,64,8,50,50,3,200,29.06343960762024,2026-09-22T13:24:46,99.8726139831543,4.70843243433723,0.06,0.03358571124749333,0.94,0.03358571124749334,28.54,6.2829426226888305,
S2PSweep1_10sEpisodes,real_task_planning,default,3,1,64,8,50,50,3,200,29.1250159740448,2026-09-22T13:25:15,97.67419425964356,6.475909578412206,0.08,0.03836665218650176,0.7,0.06480740698407861,77.68,11.626089282299528,1
S2PSweep1_10sEpisodes,real_task_planning,very-bright,3,1,64,8,50,50,3,200,28.9250328540802,2026-09-22T13:25:44,82.86928436279297,5.772733067706256,0.08,0.03836665218650176,0.58,0.06979971346646059,99.76,12.131564120095973,1
S2PSweep1_10sEpisodes,real_task_planning,side,3,1,64,8,50,50,3,200,30.30230736732483,2026-09-22T13:26:14,78.13989807128907,5.3591786811260755,0.04,0.027712812921102035,0.6,0.06928203230275509,97.94,11.94374849031911,1
S2PSweep1_10sEpisodes,simulation_task_planning,default,3,1,128,16,50,50,3,200,29.689635038375854,2026-09-22T13:26:44,96.93564155578613,5.304985425538749,0.08,0.03836665218650176,0.86,0.04907137658554119,42.42,9.111183896728239,
S2PSweep1_10sEpisodes,real_task_planning,default,3,1,128,16,50,50,3,200,29.96338152885437,2026-09-22T13:27:14,90.50637855529786,5.511137240653803,0.0,0.0,0.68,0.06596969000988256,78.66,11.792255424642056,1
S2PSweep1_10sEpisodes,real_task_planning,very-bright,3,1,128,16,50,50,3,200,29.269083738327026,2026-09-22T13:27:43,96.60431968688965,5.714107475256396,0.06,0.03358571124749333,0.78,0.05858327406350723,68.32,10.375526589045975,1
S2PSweep1_10sEpisodes,real_task_planning,side,3,1,128,16,50,50,3,200,29.67983102798462,2026-09-22T13:28:13,81.85027322769164,5.514189157989058,0.04,0.027712812921102035,0.62,0.06864400920692205,96.12,11.86219676113999,1
S2PSweep1_10sEpisodes,simulation_task_planning,default,3,1,512,64,50,50,3,200,29.976836919784546,2026-09-22T13:28:43,96.61947662353515,4.301510985134112,0.02,0.01979898987322333,0.84,0.051845925587262885,45.24,9.605438459539469,
S2PSweep1_10sEpisodes,real_task_planning,default,3,1,512,64,50,50,3,200,29.981987714767456,2026-09-22T13:29:13,96.01264991760254,5.946853117837228,0.04,0.027712812921102035,0.74,0.06203224967708329,68.6,11.06070522163935,1
S2PSweep1_10sEpisodes,real_task_planning,very-bright,3,1,512,64,50,50,3,200,22.98350191116333,2026-09-22T13:29:36,81.25637336730956,5.356122330268595,0.02,0.01979898987322333,0.64,0.06788225099390856,89.62,11.793078987270457,1
S2PSweep1_10sEpisodes,real_task_planning,side,3,1,512,64,50,50,3,200,19.90370202064514,2026-09-22T13:29:56,85.00916610717773,6.4946766444488615,0.1,0.042426406871192854,0.52,0.07065408693062278,109.3,12.375984809299016,1
S2PSweep1_10sEpisodes,simulation_task_planning,default,3,3,64,8,50,50,3,200,18.60888934135437,2026-09-22T13:30:14,95.71723110198974,4.12496727560448,0.0,0.0,0.86,0.04907137658554119,40.66,9.110065202840207,
S2PSweep1_10sEpisodes,real_task_planning,default,3,3,64,8,50,50,3,200,19.840020895004272,2026-09-22T13:30:34,83.74483207702637,6.4449150408632825,0.06,0.03358571124749333,0.58,0.06979971346646059,97.22,12.416933276779739,1
S2PSweep1_10sEpisodes,real_task_planning,very-bright,3,3,64,8,50,50,3,200,19.583641052246094,2026-09-22T13:30:54,76.50638763427735,5.299494330562472,0.02,0.01979898987322333,0.54,0.07048404074682439,107.48,12.163724429630916,1
S2PSweep1_10sEpisodes,real_task_planning,side,3,3,64,8,50,50,3,200,19.930193185806274,2026-09-22T13:31:14,71.83106773376466,5.488668196267565,0.02,0.01979898987322333,0.44,0.07019971509913699,122.56,12.371456179447916,1
S2PSweep1_10sEpisodes,simulation_task_planning,default,3,3,128,16,50,50,3,200,28.6211040019989,2026-09-22T13:31:43,99.22474044799804,4.415447927321054,0.0,0.0,0.88,0.04595650117230423,37.24,8.524015954935795,
S2PSweep1_10sEpisodes,real_task_planning,default,3,3,128,16,50,50,3,200,30.790127992630005,2026-09-22T13:32:13,89.64653690338135,6.430127186682695,0.04,0.027712812921102035,0.62,0.06864400920692205,89.1,12.32906322475475,1
S2PSweep1_10sEpisodes,real_task_planning,very-bright,3,3,128,16,50,50,3,200,29.973331928253174,2026-09-22T13:32:43,76.2110846710205,6.441255736152023,0.04,0.027712812921102035,0.44,0.07019971509913699,121.78,12.494904241329742,1
S2PSweep1_10sEpisodes,real_task_planning,side,3,3,128,16,50,50,3,200,30.369691133499146,2026-09-22T13:33:14,70.94435691833496,5.223529003766787,0.04,0.027712812921102035,0.46,0.07048404074682439,122.76,11.901716178770187,1
S2PSweep1_10sEpisodes,simulation_task_planning,default,3,3,512,64,50,50,3,200,31.75250244140625,2026-09-22T13:33:46,99.93178901672363,4.257119666576236,0.04,0.027712812921102035,0.88,0.04595650117230423,38.4,8.50190566873098,
S2PSweep1_10sEpisodes,real_task_planning,default,3,3,512,64,50,50,3,200,32.847270488739014,2026-09-22T13:34:18,94.69303146362304,6.3760808919594405,0.04,0.027712812921102035,0.62,0.06864400920692205,92.44,12.325555890100858,1
S2PSweep1_10sEpisodes,real_task_planning,very-bright,3,3,512,64,50,50,3,200,32.930716037750244,2026-09-22T13:34:51,89.78436344146729,6.099211558052874,0.04,0.027712812921102035,0.6,0.06928203230275509,97.38,11.930226820978719,1
S2PSweep1_10sEpisodes,real_task_planning,side,3,3,512,64,50,50,3,200,32.994773864746094,2026-09-22T13:35:24,76.45109466552735,6.297433586833031,0.04,0.027712812921102035,0.4,0.06928203230275509,129.76,12.181972254113862,1
S2PSweep1_10sEpisodes,simulation_task_planning,default,3,5,64,8,50,50,3,200,28.842819690704346,2026-09-22T13:35:53,98.241118850708,5.368006430933548,0.06,0.03358571124749333,0.84,0.051845925587262885,44.88,9.589812928310957,
S2PSweep1_10sEpisodes,real_task_planning,default,3,5,64,8,50,50,3,200,30.880725383758545,2026-09-22T13:36:24,92.28020164489746,6.84782618304555,0.08,0.03836665218650176,0.62,0.06864400920692205,88.96,12.305964732600202,1
S2PSweep1_10sEpisodes,real_task_planning,very-bright,3,5,64,8,50,50,3,200,31.169490575790405,2026-09-22T13:36:55,84.30393463134766,6.279115308620683,0.02,0.01979898987322333,0.54,0.07048404074682439,106.98,12.224941390452551,1
S2PSweep1_10sEpisodes,real_task_planning,side,3,5,64,8,50,50,3,200,30.746503114700317,2026-09-22T13:37:26,73.51767372131347,5.504027589794087,0.02,0.01979898987322333,0.54,0.07048404074682439,106.18,12.340524786247949,1
S2PSweep1_10sEpisodes,simulation_task_planning,default,3,5,128,16,50,50,3,200,30.111894130706787,2026-09-22T13:37:56,94.27322467803955,4.572560056836022,0.02,0.01979898987322333,0.84,0.051845925587262885,44.96,9.588950307515416,
S2PSweep1_10sEpisodes,real_task_planning,default,3,5,128,16,50,50,3,200,32.07656383514404,2026-09-22T13:38:29,87.86872169494629,6.453873020185039,0.04,0.027712812921102035,0.62,0.06864400920692205,89.12,12.309399335467187,1
S2PSweep1_10sEpisodes,real_task_planning,very-bright,3,5,128,16,50,50,3,200,34.65396809577942,2026-09-22T13:39:03,90.2537300491333,7.000771225868965,0.04,0.027712812921102035,0.58,0.06979971346646059,103.44,12.000471990717697,1
S2PSweep1_10sEpisodes,real_task_planning,side,3,5,128,16,50,50,3,200,34.24498414993286,2026-09-22T13:39:38,73.26810947418213,5.362911916194314,0.02,0.01979898987322333,0.5,0.07071067811865475,113.22,12.330135116859019,1
S2PSweep1_10sEpisodes,simulation_task_planning,default,3,5,512,64,50,50,3,200,39.08169937133789,2026-09-22T13:40:17,102.68896087646485,4.6022273453674005,0.02,0.01979898987322333,0.9,0.04242640687119285,33.12,7.886070757988416,
S2PSweep1_10sEpisodes,real_task_planning,default,3,5,512,64,50,50,3,200,39.5576913356781,2026-09-22T13:40:56,83.40188919067383,5.821809767167671,0.0,0.0,0.62,0.06864400920692205,89.68,12.27001026894436,1
S2PSweep1_10sEpisodes,real_task_planning,very-bright,3,5,512,64,50,50,3,200,24.06811833381653,2026-09-22T13:41:20,78.31411306381226,5.9667564310546926,0.0,0.0,0.58,0.06979971346646059,100.3,12.053057703338187,1
S2PSweep1_10sEpisodes,real_task_planning,side,3,5,512,64,50,50,3,200,23.988725423812866,2026-09-22T13:41:44,87.92729270935058,6.235998718726266,0.06,0.03358571124749333,0.62,0.06864400920692205,93.54,11.926079322224886,1
S2PSweep1_10sEpisodes,simulation_task_planning,default,5,1,64,8,50,50,1,200,18.994624614715576,2026-09-22T13:42:03,153.04647941589354,6.2709222027207225,0.36,0.06788225099390856,0.9,0.04242640687119285,33.38,7.877405156522038,
S2PSweep1_10sEpisodes,real_task_planning,default,5,1,64,8,50,50,1,200,19.247745513916016,2026-09-22T13:42:23,135.21943336486817,6.488434672796773,0.44,0.07019971509913699,0.84,0.051845925587262885,75.48,8.411432220496103,1
S2PSweep1_10sEpisodes,real_task_planning,very-bright,5,1,64,8,50,50,1,200,19.469180583953857,2026-09-22T13:42:42,126.37553085327148,6.914901148706859,0.28,0.06349803146555018,0.78,0.05858327406350723,81.52,9.995968787466275,1
S2PSweep1_10sEpisodes,real_task_planning,side,5,1,64,8,50,50,1,200,19.411771059036255,2026-09-22T13:43:02,122.36964065551757,7.108520513672323,0.36,0.06788225099390856,0.76,0.060398675482166,84.58,9.66912984709586,1
S2PSweep1_10sEpisodes,simulation_task_planning,default,5,1,128,16,50,50,1,200,19.34118366241455,2026-09-22T13:43:21,163.6041471862793,5.677046865016876,0.56,0.07019971509913697,1.0,0.0,19.94,3.630141595034552,
S2PSweep1_10sEpisodes,real_task_planning,default,5,1,128,16,50,50,1,200,19.65678334236145,2026-09-22T13:43:41,118.72369224548339,7.132157758774035,0.24,0.060398675482166,0.7,0.06480740698407861,94.84,10.141020067034676,1
S2PSweep1_10sEpisodes,real_task_planning,very-bright,5,1,128,16,50,50,1,200,19.72333526611328,2026-09-22T13:44:00,122.21349639892578,6.537831078290012,0.3,0.0648074069840786,0.74,0.06203224967708329,88.98,9.958372959474854,1
S2PSweep1_10sEpisodes,real_task_planning,side,5,1,128,16,50,50,1,200,19.61576223373413,2026-09-22T13:44:20,108.9505551147461,6.782206835325744,0.18,0.054332310828824504,0.68,0.06596969000988256,96.44,10.361897895655988,1
S2PSweep1_10sEpisodes,simulation_task_planning,default,5,1,512,64,50,50,1,200,22.57102942466736,2026-09-22T13:44:43,156.50950988769532,6.029549655899424,0.42,0.06979971346646059,0.96,0.02771281292110205,26.5,5.712740148125066,
S2PSweep1_10sEpisodes,real_task_planning,default,5,1,512,64,50,50,1,200,29.503028631210327,2026-09-22T13:45:12,117.46565391540527,7.8832953022291345,0.3,0.0648074069840786,0.68,0.06596969000988256,99.72,10.630899867838092,1
S2PSweep1_10sEpisodes,real_task_planning,very-bright,5,1,512,64,50,50,1,200,32.080533027648926,2026-09-22T13:45:44,122.41333587646484,7.367123020005292,0.36,0.06788225099390856,0.68,0.06596969000988256,97.38,10.627356773911375,1
S2PSweep1_10sEpisodes,real_task_planning,side,5,1,512,64,50,50,1,200,31.71474838256836,2026-09-22T13:46:16,117.55376678466797,6.730636592829358,0.26,0.06203224967708329,0.76,0.060398675482166,87.22,9.669138120846139,1
S2PSweep1_10sEpisodes,simulation_task_planning,default,5,3,64,8,50,50,1,200,30.18881583213806,2026-09-22T13:46:46,151.13003829956054,6.99656095424107,0.44,0.07019971509913699,0.94,0.03358571124749334,28.32,6.305200393326131,
S2PSweep1_10sEpisodes,real_task_planning,default,5,3,64,8,50,50,1,200,30.62753391265869,2026-09-22T13:47:17,117.59606811523437,7.659535616942892,0.32,0.06596969000988256,0.72,0.06349803146555018,94.18,10.273137398088277,1
S2PSweep1_10sEpisodes,real_task_planning,very-bright,5,3,64,8,50,50,1,200,29.801921367645264,2026-09-22T13:47:47,138.74372535705567,7.123364851930437,0.52,0.07065408693062278,0.82,0.054332310828824504,67.06,9.126813682770127,1
S2PSweep1_10sEpisodes,real_task_planning,side,5,3,64,8,50,50,1,200,30.04082202911377,2026-09-22T13:48:17,111.72732902526856,7.231505014178578,0.26,0.06203224967708329,0.7,0.06480740698407861,94.04,10.271317734351323,1
S2PSweep1_10sEpisodes,simulation_task_planning,default,5,3,128,16,50,50,1,200,31.098551750183105,2026-09-22T13:48:48,163.5865798187256,5.922962666163458,0.42,0.06979971346646059,0.94,0.03358571124749334,26.3,6.342192050072277,
S2PSweep1_10sEpisodes,real_task_planning,default,5,3,128,16,50,50,1,200,31.07185387611389,2026-09-22T13:49:19,133.54211822509765,7.322872976516305,0.42,0.06979971346646059,0.8,0.0565685424949238,74.76,9.212928307546953,1
S2PSweep1_10sEpisodes,real_task_planning,very-bright,5,3,128,16,50,50,1,200,30.60425591468811,2026-09-22T13:49:50,123.4535269165039,7.962128455574993,0.32,0.06596969000988256,0.68,0.06596969000988256,93.5,10.721091362356725,1
S2PSweep1_10sEpisodes,real_task_planning,side,5,3,128,16,50,50,1,200,31.39194917678833,2026-09-22T13:50:21,119.41792121887207,7.698529060691792,0.26,0.06203224967708329,0.66,0.0669925368977769,95.94,10.765701463443987,1
S2PSweep1_10sEpisodes,simulation_task_planning,default,5,3,512,64,50,50,1,200,43.24875998497009,2026-09-22T13:51:05,161.46445793151855,6.73699251492223,0.5,0.07071067811865475,0.9,0.04242640687119285,34.12,8.011423843487497,
S2PSweep1_10sEpisodes,real_task_planning,default,5,3,512,64,50,50,1,200,37.27621078491211,2026-09-22T13:51:42,125.62092216491699,7.50913482496584,0.42,0.06979971346646059,0.72,0.06349803146555018,90.1,10.022025743331536,1
S2PSweep1_10sEpisodes,real_task_planning,very-bright,5,3,512,64,50,50,1,200,37.166985511779785,2026-09-22T13:52:19,125.19569923400879,7.404515495350554,0.36,0.06788225099390856,0.7,0.06480740698407861,91.66,10.612468515854358,1
S2PSweep1_10sEpisodes,real_task_planning,side,5,3,512,64,50,50,1,200,28.322232723236084,2026-09-22T13:52:47,124.5969197845459,6.733230490686027,0.28,0.06349803146555018,0.76,0.060398675482166,86.22,9.626475575204042,1
S2PSweep1_10sEpisodes,simulation_task_planning,default,5,5,64,8,50,50,1,200,20.97534489631653,2026-09-22T13:53:08,149.89486862182616,7.777659445684643,0.5,0.07071067811865475,0.88,0.04595650117230423,37.44,8.518035454258218,
S2PSweep1_10sEpisodes,real_task_planning,default,5,5,64,8,50,50,1,200,21.21790599822998,2026-09-22T13:53:30,114.17253746032715,8.077981366622764,0.28,0.06349803146555018,0.68,0.06596969000988256,91.14,10.733424802922876,1
S2PSweep1_10sEpisodes,real_task_planning,very-bright,5,5,64,8,50,50,1,200,21.13282084465027,2026-09-22T13:53:51,117.20764137268067,7.899688554569436,0.32,0.06596969000988256,0.66,0.0669925368977769,98.08,10.735281645117654,1
S2PSweep1_10sEpisodes,real_task_planning,side,5,5,64,8,50,50,1,200,21.355281829833984,2026-09-22T13:54:12,102.76875747680664,6.9483795387789975,0.18,0.054332310828824504,0.6,0.06928203230275509,107.98,10.795128160424962,1
S2PSweep1_10sEpisodes,simulation_task_planning,default,5,5,128,16,50,50,1,200,23.48096752166748,2026-09-22T13:54:36,156.95379447937012,7.267764102443905,0.52,0.07065408693062278,0.88,0.04595650117230423,36.22,8.559032188279232,
S2PSweep1_10sEpisodes,real_task_planning,default,5,5,128,16,50,50,1,200,22.556413173675537,2026-09-22T13:54:58,117.84793052673339,8.566709598980674,0.38,0.06864400920692205,0.62,0.06864400920692205,99.08,11.259550257448119,1
S2PSweep1_10sEpisodes,real_task_planning,very-bright,5,5,128,16,50,50,1,200,22.504395008087158,2026-09-22T13:55:21,128.6413688659668,8.3101298223781,0.42,0.06979971346646059,0.7,0.06480740698407861,87.82,10.571686336625769,1
S2PSweep1_10sEpisodes,real_task_planning,side,5,5,128,16,50,50,1,200,22.463680028915405,2026-09-22T13:55:43,129.36154472351075,6.788203566739447,0.34,0.0669925368977769,0.76,0.060398675482166,81.1,9.805967570821352,1
S2PSweep1_10sEpisodes,simulation_task_planning,default,5,5,512,64,50,50,1,200,38.84486436843872,2026-09-22T13:56:22,172.30475074768066,5.651464661728915,0.64,0.06788225099390856,0.96,0.02771281292110205,21.44,5.1662876420114285,
S2PSweep1_10sEpisodes,real_task_planning,default,5,5,512,64,50,50,1,200,30.407873153686523,2026-09-22T13:56:53,135.04497688293458,7.1343094441274255,0.46,0.07048404074682439,0.84,0.051845925587262885,63.24,8.608579906116919,1
S2PSweep1_10sEpisodes,real_task_planning,very-bright,5,5,512,64,50,50,1,200,35.08178400993347,2026-09-22T13:57:28,147.3016738128662,6.0989787418982155,0.4,0.06928203230275509,0.86,0.04907137658554119,63.62,8.46361104966432,1
S2PSweep1_10sEpisodes,real_task_planning,side,5,5,512,64,50,50,1,200,42.44219708442688,2026-09-22T13:58:10,114.68752120971679,7.505633178675737,0.34,0.0669925368977769,0.76,0.060398675482166,83.16,9.78829341611703,1
S2PSweep1_10sEpisodes,simulation_task_planning,default,5,1,64,8,50,50,3,200,28.636125326156616,2026-09-22T13:58:39,89.69588409423828,3.901534052779296,0.0,0.0,0.82,0.054332310828824504,49.44,10.02262081493658,
S2PSweep1_10sEpisodes,real_task_planning,default,5,1,64,8,50,50,3,200,29.540560007095337,2026-09-22T13:59:08,79.61538646697998,5.917621876269774,0.02,0.01979898987322333,0.58,0.06979971346646059,95.94,12.550264060967004,1
S2PSweep1_10sEpisodes,real_task_planning,very-bright,5,1,64,8,50,50,3,200,29.3988196849823,2026-09-22T13:59:38,76.73069038391114,5.033376234071465,0.0,0.0,0.58,0.06979971346646059,98.64,12.330864041096229,1
S2PSweep1_10sEpisodes,real_task_planning,side,5,1,64,8,50,50,3,200,29.890348434448242,2026-09-22T14:00:08,75.23233367919921,5.402502082200474,0.04,0.027712812921102035,0.62,0.06864400920692205,95.48,11.744930480850025,1
S2PSweep1_10sEpisodes,simulation_task_planning,default,5,1,128,16,50,50,3,200,28.69278120994568,2026-09-22T14:00:37,101.08838150024414,4.662498062854181,0.06,0.03358571124749333,0.88,0.04595650117230423,38.58,8.523759264549886,
S2PSweep1_10sEpisodes,real_task_planning,default,5,1,128,16,50,50,3,200,29.81134343147278,2026-09-22T14:01:06,85.1537428855896,5.803972406622668,0.0,0.0,0.62,0.06864400920692205,90.28,12.230912966741283,1
S2PSweep1_10sEpisodes,real_task_planning,very-bright,5,1,128,16,50,50,3,200,29.36115789413452,2026-09-22T14:01:36,81.1195858001709,4.955671752021441,0.0,0.0,0.64,0.06788225099390856,90.08,11.866721198376574,1
S2PSweep1_10sEpisodes,real_task_planning,side,5,1,128,16,50,50,3,200,29.798262357711792,2026-09-22T14:02:06,76.21003608703613,5.150288348829487,0.04,0.027712812921102035,0.58,0.06979971346646059,100.6,12.10071072292863,1
S2PSweep1_10sEpisodes,simulation_task_planning,default,5,1,512,64,50,50,3,200,29.438559770584106,2026-09-22T14:02:35,94.90271774291992,4.226652330855087,0.02,0.01979898987322333,0.82,0.054332310828824504,48.5,10.05573468225967,
S2PSweep1_10sEpisodes,real_task_planning,default,5,1,512,64,50,50,3,200,30.60217571258545,2026-09-22T14:03:06,95.04593360900878,6.198092155616275,0.04,0.027712812921102035,0.66,0.0669925368977769,84.0,11.879360252134793,1
S2PSweep1_10sEpisodes,real_task_planning,very-bright,5,1,512,64,50,50,3,200,30.919293880462646,2026-09-22T14:03:37,81.2959287261963,6.048662879408113,0.04,0.027712812921102035,0.56,0.07019971509913697,100.26,12.528265961417008,1
S2PSweep1_10sEpisodes,real_task_planning,side,5,1,512,64,50,50,3,200,30.485321521759033,2026-09-22T14:04:07,76.78396041870117,4.865891886534791,0.0,0.0,0.56,0.07019971509913697,104.28,12.134843715516075,1
S2PSweep1_10sEpisodes,simulation_task_planning,default,5,3,64,8,50,50,3,200,25.210395574569702,2026-09-22T14:04:32,98.65766784667969,4.3290715268696385,0.02,0.01979898987322333,0.88,0.04595650117230423,37.46,8.511648958926818,
S2PSweep1_10sEpisodes,real_task_planning,default,5,3,64,8,50,50,3,200,19.91383981704712,2026-09-22T14:04:52,92.58559019088744,5.936225972946466,0.02,0.01979898987322333,0.72,0.06349803146555018,73.4,11.234553840718373,1
S2PSweep1_10sEpisodes,real_task_planning,very-bright,5,3,64,8,50,50,3,200,19.967740535736084,2026-09-22T14:05:12,77.61220079421997,5.455948637107835,0.02,0.01979898987322333,0.52,0.07065408693062278,111.28,12.10510768229676,1
S2PSweep1_10sEpisodes,real_task_planning,side,5,3,64,8,50,50,3,200,19.844797134399414,2026-09-22T14:05:32,76.72981737136841,6.058540911088529,0.04,0.027712812921102035,0.58,0.06979971346646059,99.76,12.123780268546605,1
S2PSweep1_10sEpisodes,simulation_task_planning,default,5,3,128,16,50,50,3,200,19.426578760147095,2026-09-22T14:05:52,104.93533180236817,4.887525894897511,0.02,0.01979898987322333,0.86,0.04907137658554119,41.0,9.112409121631886,
S2PSweep1_10sEpisodes,real_task_planning,default,5,3,128,16,50,50,3,200,20.67149519920349,2026-09-22T14:06:12,85.46003379821778,6.0992506454194,0.02,0.01979898987322333,0.66,0.0669925368977769,81.52,12.0424329767701,1
S2PSweep1_10sEpisodes,real_task_planning,very-bright,5,3,128,16,50,50,3,200,20.371938228607178,2026-09-22T14:06:33,81.23860332489014,5.940777595832984,0.02,0.01979898987322333,0.52,0.07065408693062278,112.24,12.001218604791765,1
S2PSweep1_10sEpisodes,real_task_planning,side,5,3,128,16,50,50,3,200,20.55001187324524,2026-09-22T14:06:53,86.16063598632813,5.168228341306668,0.0,0.0,0.64,0.06788225099390856,90.66,11.714046610800214,1
S2PSweep1_10sEpisodes,simulation_task_planning,default,5,3,512,64,50,50,3,200,22.330410480499268,2026-09-22T14:07:16,102.08974208831788,4.131127608121112,0.0,0.0,0.88,0.04595650117230423,36.98,8.538500570943356,
S2PSweep1_10sEpisodes,real_task_planning,default,5,3,512,64,50,50,3,200,22.71503710746765,2026-09-22T14:07:39,96.77012344360351,6.46265378636171,0.04,0.027712812921102035,0.76,0.060398675482166,66.5,10.723702718744118,1
S2PSweep1_10sEpisodes,real_task_planning,very-bright,5,3,512,64,50,50,3,200,22.989317655563354,2026-09-22T14:08:02,88.39237716674805,6.5214658091273146,0.06,0.03358571124749333,0.54,0.07048404074682439,108.6,12.031026556366669,1
S2PSweep1_10sEpisodes,real_task_planning,side,5,3,512,64,50,50,3,200,27.655235528945923,2026-09-22T14:08:29,84.53781196594238,5.430582727575614,0.02,0.01979898987322333,0.6,0.06928203230275509,96.3,12.025547804570069,1
S2PSweep1_10sEpisodes,simulation_task_planning,default,5,5,64,8,50,50,3,200,29.382277488708496,2026-09-22T14:08:59,94.33608774185181,5.06260864955868,0.02,0.01979898987322333,0.8,0.0565685424949238,52.1,10.468094382455673,
S2PSweep1_10sEpisodes,real_task_planning,default,5,5,64,8,50,50,3,200,31.30455207824707,2026-09-22T14:09:30,85.02856567382813,6.102628739711811,0.02,0.01979898987322333,0.62,0.06864400920692205,89.64,12.248453290109735,1
S2PSweep1_10sEpisodes,real_task_planning,very-bright,5,5,64,8,50,50,3,200,31.402733087539673,2026-09-22T14:10:01,78.30770641326905,5.557849459107248,0.0,0.0,0.6,0.06928203230275509,93.78,12.285187503656585,1
S2PSweep1_10sEpisodes,real_task_planning,side,5,5,64,8,50,50,3,200,31.089861392974854,2026-09-22T14:10:33,77.81593307495118,5.769633043584241,0.06,0.03358571124749333,0.6,0.06928203230275509,95.32,12.128328491593555,1
S2PSweep1_10sEpisodes,simulation_task_planning,default,5,5,128,16,50,50,3,200,30.99974775314331,2026-09-22T14:11:04,94.70801502227783,4.487438244760195,0.0,0.0,0.84,0.051845925587262885,44.78,9.60709279647074,
S2PSweep1_10sEpisodes,real_task_planning,default,5,5,128,16,50,50,3,200,32.19935750961304,2026-09-22T14:11:36,87.17928142547608,6.931808392021216,0.04,0.027712812921102035,0.62,0.06864400920692205,87.92,12.411956815909408,1
S2PSweep1_10sEpisodes,real_task_planning,very-bright,5,5,128,16,50,50,3,200,32.22951889038086,2026-09-22T14:12:08,81.4450164604187,6.047473452764325,0.04,0.027712812921102035,0.58,0.06979971346646059,100.5,12.021755279492258,1
S2PSweep1_10sEpisodes,real_task_planning,side,5,5,128,16,50,50,3,200,31.838433265686035,2026-09-22T14:12:40,79.4061210823059,4.981411050353617,0.0,0.0,0.62,0.06864400920692205,91.36,12.089359288233599,1
S2PSweep1_10sEpisodes,simulation_task_planning,default,5,5,512,64,50,50,3,200,36.495362520217896,2026-09-22T14:13:17,99.91957950592041,4.581282490706793,0.02,0.01979898987322333,0.88,0.04595650117230423,37.52,8.532724769966508,
S2PSweep1_10sEpisodes,real_task_planning,default,5,5,512,64,50,50,3,200,36.52448630332947,2026-09-22T14:13:53,97.3769635772705,6.344462963615423,0.08,0.03836665218650176,0.74,0.06203224967708329,69.66,10.996748974128673,1
S2PSweep1_10sEpisodes,real_task_planning,very-bright,5,5,512,64,50,50,3,200,36.76857137680054,2026-09-22T14:14:30,89.9844284248352,5.994031582246996,0.02,0.01979898987322333,0.68,0.06596969000988256,82.6,11.461937009074862,1
S2PSweep1_10sEpisodes,real_task_planning,side,5,5,512,64,50,50,3,200,36.3326370716095,2026-09-22T14:15:06,80.94628871917725,6.143217241419338,0.04,0.027712812921102035,0.68,0.06596969000988256,80.18,11.667791221992276,1
S2PSweep1_10sEpisodes,simulation_task_planning,default,5,1,64,8,50,50,5,200,27.08646273612976,2026-09-22T14:15:33,63.29446762084961,3.4941000288729875,0.0,0.0,0.5,0.07071067811865475,112.66,12.399019638664985,
S2PSweep1_10sEpisodes,real_task_planning,default,5,1,64,8,50,50,5,200,19.119840383529663,2026-09-22T14:15:53,65.59026405334473,4.587393176793846,0.02,0.01979898987322333,0.5,0.07071067811865475,115.16,12.142631016381912,1
S2PSweep1_10sEpisodes,real_task_planning,very-bright,5,1,64,8,50,50,5,200,18.87269353866577,2026-09-22T14:16:11,60.158480110168455,3.182865565833411,0.0,0.0,0.44,0.07019971509913699,130.3,11.338650713378554,1
S2PSweep1_10sEpisodes,real_task_planning,side,5,1,64,8,50,50,5,200,19.035555601119995,2026-09-22T14:16:31,64.75395668029785,4.599962266742352,0.02,0.01979898987322333,0.5,0.07071067811865475,117.56,11.905936670417828,1
S2PSweep1_10sEpisodes,simulation_task_planning,default,5,1,128,16,50,50,5,200,18.234217643737793,2026-09-22T14:16:49,64.08068267822266,3.5389539138564596,0.0,0.0,0.54,0.07048404074682439,103.54,12.682403873083366,
S2PSweep1_10sEpisodes,real_task_planning,default,5,1,128,16,50,50,5,200,19.291412353515625,2026-09-22T14:17:08,68.02892158508301,4.007451990731621,0.0,0.0,0.62,0.06864400920692205,92.18,12.008519975417455,1
S2PSweep1_10sEpisodes,real_task_planning,very-bright,5,1,128,16,50,50,5,200,19.089397192001343,2026-09-22T14:17:27,61.66540512084961,4.194642779986476,0.02,0.01979898987322333,0.38,0.06864400920692205,136.12,11.607571322201728,1
S2PSweep1_10sEpisodes,real_task_planning,side,5,1,128,16,50,50,5,200,27.343546628952026,2026-09-22T14:17:55,65.16183013916016,4.327553982787096,0.0,0.0,0.34,0.0669925368977769,143.68,11.225914305748107,1
S2PSweep1_10sEpisodes,simulation_task_planning,default,5,1,512,64,50,50,5,200,28.62163758277893,2026-09-22T14:18:23,67.35554096221924,4.210589156229343,0.02,0.01979898987322333,0.56,0.07019971509913697,100.7,12.491957412671562,
S2PSweep1_10sEpisodes,real_task_planning,default,5,1,512,64,50,50,5,200,29.99351406097412,2026-09-22T14:18:53,64.86213958740234,4.284801326495238,0.0,0.0,0.42,0.06979971346646059,125.2,12.444597221284422,1
S2PSweep1_10sEpisodes,real_task_planning,very-bright,5,1,512,64,50,50,5,200,30.297703981399536,2026-09-22T14:19:24,56.368595848083494,3.3165012110399488,0.0,0.0,0.36,0.06788225099390856,140.14,11.382161833324984,1
S2PSweep1_10sEpisodes,real_task_planning,side,5,1,512,64,50,50,5,200,30.12933921813965,2026-09-22T14:19:54,63.976448974609376,4.00030568724292,0.0,0.0,0.34,0.0669925368977769,143.5,11.28674443761353,1
S2PSweep1_10sEpisodes,simulation_task_planning,default,5,3,64,8,50,50,5,200,28.32771587371826,2026-09-22T14:20:22,66.50227771759033,4.604369860742383,0.04,0.027712812921102035,0.64,0.06788225099390856,86.94,12.063843831880451,
S2PSweep1_10sEpisodes,real_task_planning,default,5,3,64,8,50,50,5,200,29.388996601104736,2026-09-22T14:20:52,59.82614982604981,3.519585954684746,0.0,0.0,0.4,0.06928203230275509,131.98,11.832953646490804,1
S2PSweep1_10sEpisodes,real_task_planning,very-bright,5,3,64,8,50,50,5,200,30.41042423248291,2026-09-22T14:21:22,55.82660121917725,3.7899621420784726,0.0,0.0,0.34,0.0669925368977769,143.72,11.214670391946434,1
S2PSweep1_10sEpisodes,real_task_planning,side,5,3,64,8,50,50,5,200,29.657097816467285,2026-09-22T14:21:52,57.757096481323245,3.428464214450711,0.0,0.0,0.34,0.0669925368977769,142.22,11.417960938801638,1
S2PSweep1_10sEpisodes,simulation_task_planning,default,5,3,128,16,50,50,5,200,28.761411905288696,2026-09-22T14:22:21,62.70843017578125,3.7397506172576076,0.0,0.0,0.54,0.07048404074682439,104.16,12.551569144931642,
S2PSweep1_10sEpisodes,real_task_planning,default,5,3,128,16,50,50,5,200,30.63359570503235,2026-09-22T14:22:51,60.377878704071044,4.070740537230658,0.0,0.0,0.42,0.06979971346646059,126.24,12.276955974507686,1
S2PSweep1_10sEpisodes,real_task_planning,very-bright,5,3,128,16,50,50,5,200,30.901031255722046,2026-09-22T14:23:22,52.63692169189453,3.367904820200807,0.0,0.0,0.28,0.06349803146555018,153.18,10.746783332700067,1
S2PSweep1_10sEpisodes,real_task_planning,side,5,3,128,16,50,50,5,200,30.415379762649536,2026-09-22T14:23:53,57.40448097229004,3.350429597282619,0.0,0.0,0.42,0.06979971346646059,130.34,11.67512261177586,1
S2PSweep1_10sEpisodes,simulation_task_planning,default,5,3,512,64,50,50,5,200,30.916178703308105,2026-09-22T14:24:24,69.9196647644043,4.386491027791209,0.02,0.01979898987322333,0.64,0.06788225099390856,86.04,12.150060411372445,
S2PSweep1_10sEpisodes,real_task_planning,default,5,3,512,64,50,50,5,200,33.92208504676819,2026-09-22T14:24:58,59.241431427001956,3.643083161384336,0.0,0.0,0.4,0.06928203230275509,130.38,12.119765344263064,1
S2PSweep1_10sEpisodes,real_task_planning,very-bright,5,3,512,64,50,50,5,200,35.515727043151855,2026-09-22T14:25:33,55.15105030059814,4.063319112583337,0.02,0.01979898987322333,0.26,0.06203224967708329,158.1,10.156032689982835,1
S2PSweep1_10sEpisodes,real_task_planning,side,5,3,512,64,50,50,5,200,35.77072739601135,2026-09-22T14:26:09,65.98847297668458,4.358840991285941,0.0,0.0,0.4,0.06928203230275509,133.92,11.589955651338792,1
S2PSweep1_10sEpisodes,simulation_task_planning,default,5,5,64,8,50,50,5,200,31.280185222625732,2026-09-22T14:26:40,57.564356307983395,3.7450647330313522,0.0,0.0,0.48,0.07065408693062278,113.46,12.776516270094913,
S2PSweep1_10sEpisodes,real_task_planning,default,5,5,64,8,50,50,5,200,31.589202165603638,2026-09-22T14:27:12,54.026892013549805,3.3223748646834133,0.0,0.0,0.32,0.06596969000988256,144.58,11.448601311950732,1
S2PSweep1_10sEpisodes,real_task_planning,very-bright,5,5,64,8,50,50,5,200,20.248655319213867,2026-09-22T14:27:32,54.31477113723755,4.277599923323748,0.02,0.01979898987322333,0.36,0.06788225099390856,138.7,11.59428307399815,1
S2PSweep1_10sEpisodes,real_task_planning,side,5,5,64,8,50,50,5,200,20.37862491607666,2026-09-22T14:27:53,58.33803897857666,3.811767643132394,0.0,0.0,0.38,0.06864400920692205,135.28,11.761599891171267,1
S2PSweep1_10sEpisodes,simulation_task_planning,default,5,5,128,16,50,50,5,200,19.076108932495117,2026-09-22T14:28:12,64.6581563949585,4.612694673828288,0.02,0.01979898987322333,0.52,0.07065408693062278,107.08,12.637906155688924,
S2PSweep1_10sEpisodes,real_task_planning,default,5,5,128,16,50,50,5,200,21.02903127670288,2026-09-22T14:28:33,57.65224548339844,4.2650404062488,0.02,0.01979898987322333,0.34,0.0669925368977769,141.76,11.509285294926007,1
S2PSweep1_10sEpisodes,real_task_planning,very-bright,5,5,128,16,50,50,5,200,20.587197303771973,2026-09-22T14:28:53,50.39143737792969,2.906475612028413,0.0,0.0,0.26,0.06203224967708329,154.98,10.768453556569762,1
S2PSweep1_10sEpisodes,real_task_planning,side,5,5,128,16,50,50,5,200,20.745965719223022,2026-09-22T14:29:14,54.26627456665039,2.5930076066239023,0.0,0.0,0.38,0.06864400920692205,136.64,11.481454960064948,1
S2PSweep1_10sEpisodes,simulation_task_planning,default,5,5,512,64,50,50,5,200,22.14950156211853,2026-09-22T14:29:36,65.78127655029297,3.6529600812117775,0.0,0.0,0.6,0.06928203230275509,91.86,12.505327184844065,
S2PSweep1_10sEpisodes,real_task_planning,default,5,5,512,64,50,50,5,200,23.200116634368896,2026-09-22T14:29:59,58.438231239318846,4.8256959978424545,0.04,0.027712812921102035,0.36,0.06788225099390856,136.72,11.95431436762477,1
S2PSweep1_10sEpisodes,real_task_planning,very-bright,5,5,512,64,50,50,5,200,23.31687045097351,2026-09-22T14:30:23,52.77630210876465,3.3422920499138606,0.0,0.0,0.32,0.06596969000988256,143.74,11.61966643238953,1
S2PSweep1_10sEpisodes,real_task_planning,side,5,5,512,64,50,50,5,200,23.191497087478638,2026-09-22T14:30:46,55.624314041137694,3.0033181162739817,0.0,0.0,0.36,0.06788225099390856,140.06,11.332022237888522,1
